year,country,Air Border Sector,Centre of Excellence in Combatting Document Fraud,Coast Guard Sector,Deployment Management Division,European Centre for Returns,Field Deployment Unit,Field Operations Unit,Frontex Situation Centre,Information Fusion Centre,International and European Cooperation Division,Joint Masterâ€™s in Strategic Border Management programme,Land Borders Sector,Land Borders Sector / Return Operations Sector,Law Enforcement Sector,Operational Response Division,Operational Support Division,Pooled Resources Unit,Public Regulated Service,Research and Development Unit,Research and Innovation Unit,Return Division,Return Operations Sector,Return Support Unit,Risk Analysis Unit,Sea Border Sector,Task Force Deployment Management,Training Unit,n.a.
2008,All countries,2483979.69,0,0,0,0,0,0,0,0,0,0,3050316.23,0,0,0,0,0,59202.57000000001,0,0,0,2562839.86,0,61176.58,28788196.28,0,0,0
2009,All countries,2695934.34,0,0,0,0,0,0,0,0,0,0,5813092.28,0,0,0,0,0,267145.51,0,0,0,5309353.46,0,24488.64,29945718.61,0,0,0
2010,All countries,1519499.27,0,0,0,0,0,0,0,0,0,0,6524082.5,0,0,0,0,3347777.68,0,0,0,0,9378321.81,0,0,31955517.02,0,0,0
2011,All countries,2147256.64,0,0,0,0,0,0,0,0,0,0,10658708.31,44602.58,0,0,0,2682319.92,0,0,0,0,11653039.39,0,0,46312898.87,0,0,0
2012,All countries,2037187.37,0,0,0,0,0,0,251376.32,0,0,0,11695059.81,0,0,0,0,0,0,21087.27,0,0,10752367.17,0,0,28323972.09,0,0,0
2013,All countries,1568466.28,0,0,0,0,0,0,285108.89,0,0,0,7110628.04,0,0,0,0,193651.85,0,0,0,0,8371322.22,0,0,23415320.84,0,0,0
2014,All countries,1484410.47,0,0,0,0,0,0,339909.02,0,0,0,7307421.12,0,0,0,0,177379.91,0,0,0,0,8792783.03,0,0,32633278.67,0,0,0
2015,All countries,1520139,0,0,0,0,0,0,580336,0,0,0,8431350,0,0,0,0,344098,0,0,0,0,11935950,0,0,67840850,0,0,0
2016,All countries,2196107,0,0,0,0,0,0,873381,0,0,0,14188780,0,0,0,0,12000,0,0,0,0,0,42475111,0,112859333,0,117321,0
2017,All countries,2434204,0,0,0,0,0,0,1189901,0,0,0,15906501,0,0,0,0,679156,0,532943,0,0,0,54917693,0,118188796,0,673992,0
2018,All countries,0,0,0,0,37613811.68,0,0,1927722,0,0,0,0,0,0,120581768.92,0,336482,0,0,0,0,0,18292279.33,0,17800.52,0,273548.36,0
2019,All countries,0,0,617646,0,57951511.62,118558259.29,0,1626011,64919.78,0,0,0,0,0,221354,0,0,0,0,138675,0,0,0,0,0,0,453933.16000000003,8020
2020,All countries,0,0,698241.71,0,29584278.51,105152548.25,0,1675477.52,146055,0,0,0,0,0,0,0,0,0,0,181168.8,0,0,0,0,0,9194344,7207328.67,0
2021,All countries,0,0,1676334.85,38705372.99,45591442.79,92275256.32,23993002,1966458,0,0,0,0,0,0,0,0,0,0,0,0,0,0,0,0,0,2260285.14,4192114.0900000003,0
2022,All countries,0,0,1164047.71,109708748.25999999,50785998.57,0,70375055,0,21896.88,0,0,0,0,93456.2,0,0,0,0,0,0,0,0,0,0,0,0,10379516.71,0
2023,All countries,0,122787.51,2568588.2,139678055.37,70493961.11,0,72878972.35,93514,58398.770000000004,12000000,0,0,0,0,1297047,0,0,0,0,327982.1,0,0,0,0,0,0,692133.96,0
2024,All countries,0,0,1014556.06,90710514.23,50368254.43,0,21328630.009999998,135211,0,0,339781,0,0,34561,0,81078438,0,0,0,37073.36,31766488.75,0,0,0,0,0,8316672.84,199640.46
2009,Albania,0,0,0,0,0,0,0,0,0,0,0,33896.21,0,0,0,0,0,0,0,0,0,0,0,0,0,0,0,0
2010,Albania,0,0,0,0,0,0,0,0,0,0,0,65460.689999999995,0,0,0,0,0,0,0,0,0,0,0,0,0,0,0,0
2011,Albania,22617.42,0,0,0,0,0,0,0,0,0,0,5658.23,0,0,0,0,0,0,0,0,0,0,0,0,0,0,0,0
2012,Albania,6177.98,0,0,0,0,0,0,0,0,0,0,10165.52,0,0,0,0,0,0,0,0,0,0,0,0,16342.6,0,0,0
2013,Albania,16930.61,0,0,0,0,0,0,0,0,0,0,6685.36,0,0,0,0,0,0,0,0,0,0,0,0,4800.9,0,0,0
2014,Albania,42389.12,0,0,0,0,0,0,0,0,0,0,6441.4,0,0,0,0,3083.74,0,0,0,0,0,0,0,5008,0,0,0
2015,Albania,14178,0,0,0,0,0,0,0,0,0,0,29935,0,0,0,0,0,0,0,0,0,0,0,0,197,0,0,0
2016,Albania,48287,0,0,0,0,0,0,0,0,0,0,41654,0,0,0,0,0,0,0,0,0,0,13547,0,20567,0,0,0
2017,Albania,97076,0,0,0,0,0,0,0,0,0,0,59059,0,0,0,0,0,0,0,0,0,0,43527,0,9749,0,0,0
2018,Albania,0,0,0,0,54227.6,0,0,0,0,0,0,0,0,0,105766.29,0,0,0,0,0,0,0,16649.2,0,0,0,0,0
2019,Albania,0,0,0,0,86627.2,883385.95,0,0,0,0,0,0,0,0,0,0,0,0,0,0,0,0,0,0,0,0,0,0
2020,Albania,0,0,0,0,62274,1054521.99,0,0,0,0,0,0,0,0,0,0,0,0,0,0,0,0,0,0,0,0,0,0
2021,Albania,0,0,0,472298.89,95058.8,890851.5,0,0,0,0,0,0,0,0,0,0,0,0,0,0,0,0,0,0,0,0,0,0
2022,Albania,0,0,0,1389032.8,119069.59999999999,0,0,0,0,0,0,0,0,0,0,0,0,0,0,0,0,0,0,0,0,0,0,0
2023,Albania,0,0,0,1523418.66,38819.6,0,0,0,0,0,0,0,0,0,0,0,0,0,0,0,0,0,0,0,0,0,0,0
2024,Albania,0,0,0,1515244.5,8902.4,0,0,0,0,0,0,0,0,0,0,0,0,0,0,0,6676.8,0,0,0,0,0,0,0
2008,Austria,191630.66999999998,0,0,0,0,0,0,0,0,0,0,378779.27,0,0,0,0,0,1723.05,0,0,0,440545,0,0,234188,0,0,0
2009,Austria,210268.35,0,0,0,0,0,0,0,0,0,0,950330.96,0,0,0,0,0,2127.94,0,0,0,1367376.16,0,0,264498.37,0,0,0
2010,Austria,197137.33,0,0,0,0,0,0,0,0,0,0,1343069.4,0,0,0,0,399074,0,0,0,0,1729777.74,0,0,623859.6,0,0,0
2011,Austria,110669.56999999999,0,0,0,0,0,0,0,0,0,0,1748365.09,0,0,0,0,0,0,0,0,0,1613873.8900000001,0,0,104302.36,0,0,0
2012,Austria,64583.57,0,0,0,0,0,0,44482.46,0,0,0,1466977.61,0,0,0,0,0,0,0,0,0,1931060.82,0,0,123960.42,0,0,0
2013,Austria,81667.27,0,0,0,0,0,0,63474.54,0,0,0,1380262.92,0,0,0,0,25635.6,0,0,0,0,741421.88,0,0,45718.8,0,0,0
2014,Austria,111187.3,0,0,0,0,0,0,38112.33,0,0,0,1230459.02,0,0,0,0,8746.18,0,0,0,0,617814.4,0,0,60228.06,0,0,0
2015,Austria,95891,0,0,0,0,0,0,41957,0,0,0,1224125,0,0,0,0,0,0,0,0,0,1581207,0,0,530612,0,0,0
2016,Austria,130222,0,0,0,0,0,0,19079,0,0,0,1319720,0,0,0,0,0,0,0,0,0,0,4933045,0,817585,0,0,0
2017,Austria,162937,0,0,0,0,0,0,35846,0,0,0,1636799,0,0,0,0,0,0,0,0,0,0,6908925,0,917803,0,0,0
2018,Austria,0,0,0,0,5221423.54,0,0,53582,0,0,0,0,0,0,2571339,0,14599,0,0,0,0,0,3030526,0,0,0,0,0
2019,Austria,0,0,0,0,7923333.52,2653756,0,26677,0,0,0,0,0,0,0,0,0,0,0,0,0,0,0,0,0,0,0,0
2020,Austria,0,0,0,0,1844572.92,3088412.2,0,20731,0,0,0,0,0,0,0,0,0,0,0,0,0,0,0,0,0,385965,0,0
2021,Austria,0,0,0,1287248.03,1165979,1829266,0,0,0,0,0,0,0,0,0,0,0,0,0,0,0,0,0,0,0,0,0,0
2022,Austria,0,0,0,4336781.71,498271,0,0,0,0,0,0,0,0,0,0,0,0,0,0,0,0,0,0,0,0,0,0,0
2023,Austria,0,0,0,5604156.02,1415400,0,0,0,0,0,0,0,0,0,0,0,0,0,0,105148,0,0,0,0,0,0,0,0
2024,Austria,0,0,0,4423906.81,527742,0,0,0,0,0,0,0,0,0,0,1485256.72,0,0,0,0,599442,0,0,0,0,0,0,0
2010,Belarus,0,0,0,0,0,0,0,0,0,0,0,5557.65,0,0,0,0,0,0,0,0,0,0,0,0,0,0,0,0
2011,Belarus,13398.9,0,0,0,0,0,0,0,0,0,0,9338.75,0,0,0,0,0,0,0,0,0,0,0,0,0,0,0,0
2015,Belarus,4241,0,0,0,0,0,0,0,0,0,0,8945,0,0,0,0,0,0,0,0,0,0,0,0,0,0,0,0
2016,Belarus,11336,0,0,0,0,0,0,0,0,0,0,34893,0,0,0,0,0,0,0,0,0,0,0,0,0,0,0,0
2018,Belarus,0,0,0,0,0,0,0,0,0,0,0,0,0,0,4060.65,0,0,0,0,0,0,0,0,0,0,0,0,0
2019,Belarus,0,0,0,0,0,21820.510000000002,0,0,0,0,0,0,0,0,0,0,0,0,0,0,0,0,0,0,0,0,0,0
2008,Belgium,55895.71,0,0,0,0,0,0,0,0,0,0,24280.350000000002,0,0,0,0,0,0,0,0,0,0,0,0,37356.11,0,0,0
2009,Belgium,48725.24,0,0,0,0,0,0,0,0,0,0,38793.04,0,0,0,0,0,0,0,0,0,28091.45,0,0,69830.75,0,0,0
2010,Belgium,32161.92,0,0,0,0,0,0,0,0,0,0,38372.78,0,0,0,0,83615.28,0,0,0,0,9426.78,0,0,73836.01,0,0,0
2011,Belgium,36567.8,0,0,0,0,0,0,0,0,0,0,64512.32,0,0,0,0,15904.72,0,0,0,0,33886.85,0,0,140248.38,0,0,0
2012,Belgium,41656.82,0,0,0,0,0,0,0,0,0,0,38970.66,0,0,0,0,0,0,0,0,0,1502.01,0,0,88918.42,0,0,0
2013,Belgium,44035.96,0,0,0,0,0,0,0,0,0,0,18936.86,0,0,0,0,0,0,0,0,0,0,0,0,134242.19,0,0,0
2014,Belgium,49621.560000000005,0,0,0,0,0,0,0,0,0,0,61783.94,0,0,0,0,0,0,0,0,0,0,0,0,105121.57,0,0,0
2015,Belgium,45082,0,0,0,0,0,0,0,0,0,0,46403,0,0,0,0,8868,0,0,0,0,138886,0,0,1584201,0,0,0
2016,Belgium,55613,0,0,0,0,0,0,0,0,0,0,31908,0,0,0,0,0,0,0,0,0,0,717654,0,136132,0,0,0
2017,Belgium,64409,0,0,0,0,0,0,7298,0,0,0,50907,0,0,0,0,0,0,0,0,0,0,3879121,0,243267,0,0,0
2018,Belgium,0,0,0,0,1637542.02,0,0,16622,0,0,0,0,0,0,580841,0,10409,0,0,0,0,0,890489,0,0,0,0,0
2019,Belgium,0,0,0,0,1124810,784038,0,40357,0,0,0,0,0,0,0,0,0,0,0,0,0,0,0,0,0,0,0,0
2020,Belgium,0,0,0,0,243791.28,369702,0,41286,0,0,0,0,0,0,0,0,0,0,0,0,0,0,0,0,0,331016,0,0
2021,Belgium,0,0,0,580000.46,233896,611703,0,0,0,0,0,0,0,0,0,0,0,0,0,0,0,0,0,0,0,33333.36,0,0
2022,Belgium,0,0,0,1574674.67,2822010.32,0,0,0,0,0,0,0,0,45360,0,0,0,0,0,0,0,0,0,0,0,0,0,0
2023,Belgium,0,0,0,1917318.92,12583854.02,0,0,0,0,0,0,0,0,0,0,0,0,0,0,0,0,0,0,0,0,0,0,0
2024,Belgium,0,0,0,1613091,24218264.14,0,0,0,0,0,0,0,0,0,0,281685.83999999997,0,0,0,0,689744,0,0,0,0,0,0,0
2011,Bosnia and Herzegovina,0,0,0,0,0,0,0,0,0,0,0,4120.28,0,0,0,0,0,0,0,0,0,0,0,0,0,0,0,0
2012,Bosnia and Herzegovina,0,0,0,0,0,0,0,0,0,0,0,4300,0,0,0,0,0,0,0,0,0,0,0,0,0,0,0,0
2013,Bosnia and Herzegovina,8546.09,0,0,0,0,0,0,0,0,0,0,5210.9,0,0,0,0,0,0,0,0,0,0,0,0,0,0,0,0
2014,Bosnia and Herzegovina,11426.53,0,0,0,0,0,0,0,0,0,0,10683,0,0,0,0,2989.58,0,0,0,0,0,0,0,0,0,0,0
2015,Bosnia and Herzegovina,4655,0,0,0,0,0,0,0,0,0,0,4665,0,0,0,0,0,0,0,0,0,0,0,0,0,0,0,0
2016,Bosnia and Herzegovina,5665,0,0,0,0,0,0,0,0,0,0,10792,0,0,0,0,0,0,0,0,0,0,0,0,0,0,0,0
2017,Bosnia and Herzegovina,4713,0,0,0,0,0,0,0,0,0,0,5297,0,0,0,0,0,0,0,0,0,0,0,0,0,0,0,0
2018,Bosnia and Herzegovina,0,0,0,0,0,0,0,0,0,0,0,0,0,0,8750.46,0,0,0,0,0,0,0,0,0,0,0,0,0
2019,Bosnia and Herzegovina,0,0,0,0,0,29125.4,0,0,0,0,0,0,0,0,0,0,0,0,0,0,0,0,0,0,0,0,0,0
2021,Bosnia and Herzegovina,0,0,0,13655.34,0,0,0,0,0,0,0,0,0,0,0,0,0,0,0,0,0,0,0,0,0,0,0,0
2022,Bosnia and Herzegovina,0,0,0,6319.42,0,0,0,0,0,0,0,0,0,0,0,0,0,0,0,0,0,0,0,0,0,0,0,0
2023,Bosnia and Herzegovina,0,0,0,7704,0,0,0,0,0,0,0,0,0,0,0,0,0,0,0,0,0,0,0,0,0,0,0,0
2008,Bulgaria,6141,0,0,0,0,0,0,0,0,0,0,69143.95,0,0,0,0,0,3952.1,0,0,0,0,0,8627.2,3189.6,0,0,0
2009,Bulgaria,1184,0,0,0,0,0,0,0,0,0,0,147647.51,0,0,0,0,0,0,0,0,0,0,0,0,23695.190000000002,0,0,0
2010,Bulgaria,23037.53,0,0,0,0,0,0,0,0,0,0,225147.86,0,0,0,0,81610.75,0,0,0,0,0,0,0,21625.05,0,0,0
2011,Bulgaria,29060.66,0,0,0,0,0,0,0,0,0,0,389327.79,0,0,0,0,15579.1,0,0,0,0,3389.88,0,0,7404.85,0,0,0
2012,Bulgaria,44312.25,0,0,0,0,0,0,13602.4,0,0,0,428723.04,0,0,0,0,0,0,0,0,0,3561.2200000000003,0,0,20266.15,0,0,0
2013,Bulgaria,18443.35,0,0,0,0,0,0,15589.9,0,0,0,330499.86,0,0,0,0,11183.64,0,0,0,0,53515.3,0,0,20696.21,0,0,0
2014,Bulgaria,27251.83,0,0,0,0,0,0,18821.3,0,0,0,482071.02999999997,0,0,0,0,5504.88,0,0,0,0,23618.9,0,0,36422.95,0,0,0
2015,Bulgaria,36493,0,0,0,0,0,0,782,0,0,0,340207,0,0,0,0,23787,0,0,0,0,106860,0,0,101536,0,0,0
2016,Bulgaria,84672,0,0,0,0,0,0,15802,0,0,0,324352,0,0,0,0,0,0,0,0,0,0,1727708,0,541593,0,0,0
2017,Bulgaria,76870,0,0,0,0,0,0,15620,0,0,0,458649,0,0,0,0,4630,0,0,0,0,0,2159857,0,1069582,0,0,0
2018,Bulgaria,0,0,0,0,12905,0,0,14405,0,0,0,0,0,0,2112654,0,17978,0,0,0,0,0,49494.11,0,0,0,0,0
2019,Bulgaria,0,0,293388,0,125170,1342137,0,32739,0,0,0,0,0,0,0,0,0,0,0,0,0,0,0,0,0,0,0,0
2020,Bulgaria,0,0,231733,0,42268,1706296,0,40173,0,0,0,0,0,0,0,0,0,0,0,76578,0,0,0,0,0,0,0,0
2021,Bulgaria,0,0,626597,682061.4,55786,834683,849928,0,0,0,0,0,0,0,0,0,0,0,0,0,0,0,0,0,0,68950.06,0,0
2022,Bulgaria,0,0,512556,1399568.47,10283,0,1231849,0,0,0,0,0,0,0,0,0,0,0,0,0,0,0,0,0,0,0,0,0
2023,Bulgaria,0,0,0,2028094.23,8573,0,1413088,0,0,0,0,0,0,0,0,0,0,0,0,0,0,0,0,0,0,0,0,0
2024,Bulgaria,0,0,14303,1358942.58,9651,0,766638,0,0,0,0,0,0,0,0,2331864.09,0,0,0,0,10365,0,0,0,0,0,0,0
2014,Cape Verde,1914.88,0,0,0,0,0,0,0,0,0,0,0,0,0,0,0,0,0,0,0,0,0,0,0,0,0,0,0
2015,Cape Verde,2604,0,0,0,0,0,0,0,0,0,0,0,0,0,0,0,0,0,0,0,0,0,0,0,0,0,0,0
2016,Cape Verde,2622,0,0,0,0,0,0,0,0,0,0,0,0,0,0,0,0,0,0,0,0,0,0,0,0,0,0,0
2008,Croatia,0,0,0,0,0,0,0,0,0,0,0,166680,0,0,0,0,0,0,0,0,0,0,0,0,0,0,0,0
2009,Croatia,0,0,0,0,0,0,0,0,0,0,0,37104.8,0,0,0,0,0,0,0,0,0,0,0,0,0,0,0,0
2010,Croatia,0,0,0,0,0,0,0,0,0,0,0,50138.46,0,0,0,0,0,0,0,0,0,0,0,0,0,0,0,0
2011,Croatia,8729.66,0,0,0,0,0,0,0,0,0,0,6114.46,0,0,0,0,0,0,0,0,0,0,0,0,3285.22,0,0,0
2012,Croatia,10264.08,0,0,0,0,0,0,0,0,0,0,23288.36,0,0,0,0,0,0,0,0,0,0,0,0,4740,0,0,0
2013,Croatia,0,0,0,0,0,0,0,0,0,0,0,59425.17,0,0,0,0,10041.09,0,0,0,0,0,0,0,0,0,0,0
2014,Croatia,1348.2,0,0,0,0,0,0,0,0,0,0,64104.48,0,0,0,0,30343.06,0,0,0,0,0,0,0,8579,0,0,0
2015,Croatia,9739,0,0,0,0,0,0,0,0,0,0,65854,0,0,0,0,0,0,0,0,0,167,0,0,2342209,0,0,0
2016,Croatia,18074,0,0,0,0,0,0,0,0,0,0,106435,0,0,0,0,0,0,0,0,0,0,61940,0,575299,0,117321,0
2017,Croatia,3327,0,0,0,0,0,0,0,0,0,0,193529,0,0,0,0,37122,0,0,0,0,0,23318,0,1089947,0,0,0
2018,Croatia,0,0,0,0,16759,0,0,31046,0,0,0,0,0,0,1189614,0,0,0,0,0,0,0,0,0,0,0,0,0
2019,Croatia,0,0,0,0,10227,1221386.17,0,140562,0,0,0,0,0,0,0,0,0,0,0,0,0,0,0,0,0,0,55500,8020
2020,Croatia,0,0,0,0,0,1560118,0,84655,0,0,0,0,0,0,0,0,0,0,0,0,0,0,0,0,0,0,0,0
2021,Croatia,0,0,0,1084121.8399999999,32726,915011,368889,31664,0,0,0,0,0,0,0,0,0,0,0,0,0,0,0,0,0,37900.03,0,0
2022,Croatia,0,0,0,2632674.89,0,0,380184,0,0,0,0,0,0,0,0,0,0,0,0,0,0,0,0,0,0,0,0,0
2023,Croatia,0,122787.51,123052,1898377.71,6463,0,0,0,0,0,0,0,0,0,0,0,0,0,0,0,0,0,0,0,0,0,0,0
2024,Croatia,0,0,59897,1029899.84,0,0,0,0,0,0,0,0,0,0,0,388224.07,0,0,0,0,201677,0,0,0,0,0,0,173979.46
2008,Cyprus,1865.69,0,0,0,0,0,0,0,0,0,0,20801.63,0,0,0,0,0,0,0,0,0,0,0,10155.86,0,0,0,0
2009,Cyprus,0,0,0,0,0,0,0,0,0,0,0,29685.2,0,0,0,0,0,0,0,0,0,7433.139999999999,0,0,0,0,0,0
2010,Cyprus,0,0,0,0,0,0,0,0,0,0,0,24708.23,0,0,0,0,10091,0,0,0,0,11681.68,0,0,0,0,0,0
2011,Cyprus,0,0,0,0,0,0,0,0,0,0,0,20972.8,0,0,0,0,2129,0,0,0,0,0,0,0,0,0,0,0
2012,Cyprus,6461.29,0,0,0,0,0,0,0,0,0,0,0,0,0,0,0,0,0,0,0,0,0,0,0,1854,0,0,0
2015,Cyprus,0,0,0,0,0,0,0,0,0,0,0,7890,0,0,0,0,11627,0,0,0,0,0,0,0,211787,0,0,0
2016,Cyprus,1640,0,0,0,0,0,0,0,0,0,0,0,0,0,0,0,0,0,0,0,0,0,0,0,35934,0,0,0
2017,Cyprus,0,0,0,0,0,0,0,0,0,0,0,14708,0,0,0,0,0,0,0,0,0,0,32208,0,57384,0,0,0
2018,Cyprus,0,0,0,0,0,0,0,0,0,0,0,0,0,0,75284,0,0,0,0,0,0,0,0,0,0,0,0,0
2019,Cyprus,0,0,0,0,0,70329,0,0,0,0,0,0,0,0,0,0,0,0,0,0,0,0,0,0,0,0,0,0
2020,Cyprus,0,0,0,0,0,31558,0,0,0,0,0,0,0,0,0,0,0,0,0,0,0,0,0,0,0,78352,0,0
2021,Cyprus,0,0,0,107134.08,20534,29523,0,0,0,0,0,0,0,0,0,0,0,0,0,0,0,0,0,0,0,0,0,0
2022,Cyprus,0,0,0,187182.79,139481,0,0,0,0,0,0,0,0,0,0,0,0,0,0,0,0,0,0,0,0,0,0,0
2023,Cyprus,0,0,0,268164.45999999996,505971,0,0,0,0,0,0,0,0,0,0,0,0,0,0,0,0,0,0,0,0,0,0,0
2024,Cyprus,0,0,0,326330.86,115342.4,0,0,0,0,0,0,0,0,0,0,46915.03,0,0,0,0,195791,0,0,0,0,0,0,0
2008,Czech Republic,29430.64,0,0,0,0,0,0,0,0,0,0,39148.42,0,0,0,0,0,0,0,0,0,0,0,0,0,0,0,0
2009,Czech Republic,85055.9,0,0,0,0,0,0,0,0,0,0,19605.88,0,0,0,0,0,0,0,0,0,7845.56,0,0,0,0,0,0
2010,Czech Republic,42386.3,0,0,0,0,0,0,0,0,0,0,54650.39,0,0,0,0,30613.2,0,0,0,0,2787,0,0,0,0,0,0
2011,Czech Republic,59601.34,0,0,0,0,0,0,0,0,0,0,32043.48,0,0,0,0,0,0,0,0,0,2630,0,0,0,0,0,0
2012,Czech Republic,28937.95,0,0,0,0,0,0,0,0,0,0,32567.43,0,0,0,0,0,0,0,0,0,523.6,0,0,4350.95,0,0,0
2013,Czech Republic,36291.19,0,0,0,0,0,0,4911.3,0,0,0,32546.19,0,0,0,0,5767.3,0,0,0,0,0,0,0,8806.1,0,0,0
2014,Czech Republic,36915.76,0,0,0,0,0,0,5927.8,0,0,0,99813.88,0,0,0,0,0,0,0,0,0,0,0,0,32823.32,0,0,0
2015,Czech Republic,43351,0,0,0,0,0,0,8362,0,0,0,71481,0,0,0,0,7725,0,0,0,0,11576,0,0,195640,0,0,0
2016,Czech Republic,45290,0,0,0,0,0,0,12460,0,0,0,414550,0,0,0,0,0,0,0,0,0,0,224746,0,970048,0,0,0
2017,Czech Republic,97664,0,0,0,0,0,0,7025,0,0,0,604945,0,0,0,0,21195,0,0,0,0,0,9304,0,1321905,0,0,0
2018,Czech Republic,0,0,0,0,15785,0,0,7303,0,0,0,0,0,0,2233850,0,16928,0,0,0,0,0,0,0,0,0,0,0
2019,Czech Republic,0,0,0,0,56110,2885602.01,0,0,0,0,0,0,0,0,0,0,0,0,0,0,0,0,0,0,0,0,0,0
2020,Czech Republic,0,0,0,0,36105,3392821,0,36936,0,0,0,0,0,0,0,0,0,0,0,0,0,0,0,0,0,198113,0,0
2021,Czech Republic,0,0,0,703184.56,29028,1588326,0,48022,0,0,0,0,0,0,0,0,0,0,0,0,0,0,0,0,0,14200.01,0,0
2022,Czech Republic,0,0,0,2626643.33,25622.18,0,0,0,0,0,0,0,0,0,0,0,0,0,0,0,0,0,0,0,0,0,0,0
2023,Czech Republic,0,0,0,3148256.41,41047,0,0,0,0,0,0,0,0,0,0,0,0,0,0,0,0,0,0,0,0,0,0,0
2024,Czech Republic,0,0,0,2355855.74,10951,0,0,0,0,0,0,0,0,0,0,810219.17,0,0,0,0,25926,0,0,0,0,0,0,0
2008,Denmark,26537.45,0,0,0,0,0,0,0,0,0,0,33179.6,0,0,0,0,0,0,0,0,0,0,0,0,0,0,0,0
2009,Denmark,29128.97,0,0,0,0,0,0,0,0,0,0,6350.1,0,0,0,0,0,0,0,0,0,0,0,0,141332.96,0,0,0
2010,Denmark,0,0,0,0,0,0,0,0,0,0,0,73895.37,0,0,0,0,194025.22,0,0,0,0,10730.46,0,0,78227.68,0,0,0
2011,Denmark,6779.81,0,0,0,0,0,0,0,0,0,0,101801.54000000001,44602.58,0,0,0,163096.83,0,0,0,0,23212.45,0,0,52252.5,0,0,0
2012,Denmark,28907.37,0,0,0,0,0,0,0,0,0,0,44047.11,0,0,0,0,0,0,0,0,0,62806.23,0,0,38932.45,0,0,0
2013,Denmark,0,0,0,0,0,0,0,0,0,0,0,21117.86,0,0,0,0,0,0,0,0,0,60972.36,0,0,89721.33,0,0,0
2014,Denmark,19055.63,0,0,0,0,0,0,7423.66,0,0,0,37595.520000000004,0,0,0,0,4180.49,0,0,0,0,181883.18,0,0,90700.67,0,0,0
2015,Denmark,42744,0,0,0,0,0,0,0,0,0,0,44657,0,0,0,0,14201,0,0,0,0,591297,0,0,1198053,0,0,0
2016,Denmark,14165,0,0,0,0,0,0,0,0,0,0,110840,0,0,0,0,12000,0,0,0,0,0,2748042,0,1235454,0,0,0
2017,Denmark,8857,0,0,0,0,0,0,0,0,0,0,38924,0,0,0,0,0,0,0,0,0,0,1818014,0,2793728,0,0,0
2018,Denmark,0,0,0,0,5783,0,0,0,0,0,0,0,0,0,4839667,0,8929,0,0,0,0,0,0,0,0,0,0,0
2019,Denmark,0,0,70500,0,114980,4391080,0,0,0,0,0,0,0,0,0,0,0,0,0,0,0,0,0,0,0,0,0,0
2020,Denmark,0,0,0,0,0,6447333.7,0,0,0,0,0,0,0,0,0,0,0,0,0,0,0,0,0,0,0,428004,0,0
2021,Denmark,0,0,0,1700774.01,1875,4085315,1327890.33,0,0,0,0,0,0,0,0,0,0,0,0,0,0,0,0,0,0,0,0,0
2022,Denmark,0,0,0,4809306.04,184022,0,4813780,0,0,0,0,0,0,0,0,0,0,0,0,0,0,0,0,0,0,0,0,0
2023,Denmark,0,0,0,4105233.76,102900,0,4373049,0,0,0,0,0,0,0,0,0,0,0,0,0,0,0,0,0,0,0,0,0
2024,Denmark,0,0,0,2005655.44,32874,0,1580873,0,0,0,0,0,0,0,0,4011130.7399999998,0,0,0,0,25302,0,0,0,0,0,0,0
2022,Egypt,0,0,0,0,108347,0,0,0,0,0,0,0,0,0,0,0,0,0,0,0,0,0,0,0,0,0,0,0
2023,Egypt,0,0,0,0,132611,0,0,0,0,0,0,0,0,0,0,0,0,0,0,0,0,0,0,0,0,0,0,0
2024,Egypt,0,0,0,0,339882,0,0,0,0,0,0,0,0,0,0,0,0,0,0,0,0,0,0,0,0,0,0,0
2008,Estonia,16884.14,0,0,0,0,0,0,0,0,0,0,51894.17,0,0,0,0,0,0,0,0,0,0,0,0,12308.58,0,0,0
2009,Estonia,12341.6,0,0,0,0,0,0,0,0,0,0,190968.25999999998,0,0,0,0,0,0,0,0,0,8112,0,0,215768.25999999998,0,0,0
2010,Estonia,34703.41,0,0,0,0,0,0,0,0,0,0,239919.58,0,0,0,0,179328.68,0,0,0,0,0,0,0,11132.28,0,0,0
2011,Estonia,51088.73,0,0,0,0,0,0,0,0,0,0,396788.25,0,0,0,0,216454.41,0,0,0,0,31975.620000000003,0,0,41880.94,0,0,0
2012,Estonia,23406.5,0,0,0,0,0,0,15448.88,0,0,0,678517.76,0,0,0,0,0,0,0,0,0,25124,0,0,51705.399999999994,0,0,0
2013,Estonia,28724.15,0,0,0,0,0,0,10076.19,0,0,0,349320.01,0,0,0,0,4344.2,0,0,0,0,6118.26,0,0,23827.190000000002,0,0,0
2014,Estonia,39388.840000000004,0,0,0,0,0,0,10482.93,0,0,0,268836.27,0,0,0,0,13229.48,0,0,0,0,0,0,0,583616.06,0,0,0
2015,Estonia,28778,0,0,0,0,0,0,21733,0,0,0,229008,0,0,0,0,15849,0,0,0,0,1124,0,0,272766,0,0,0
2016,Estonia,44511,0,0,0,0,0,0,31982,0,0,0,339528,0,0,0,0,0,0,0,0,0,0,259863,0,946632,0,0,0
2017,Estonia,28438,0,0,0,0,0,0,26410,0,0,0,436699,0,0,0,0,16604,0,0,0,0,0,42294,0,564311,0,51933,0
2018,Estonia,0,0,0,0,0,0,0,34685,0,0,0,0,0,0,1713291,0,16345,0,0,0,0,0,0,0,0,0,0,0
2019,Estonia,0,0,0,0,0,1654362.01,0,38199,0,0,0,0,0,0,0,0,0,0,0,0,0,0,0,0,0,0,49320.58,0
2020,Estonia,0,0,0,0,201797.88,1542886,0,59287,83304,0,0,0,0,0,0,0,0,0,0,0,0,0,0,0,0,165442,0,0
2021,Estonia,0,0,0,519862.08,158666.67,1259947,143210,30391,0,0,0,0,0,0,0,0,0,0,0,0,0,0,0,0,0,27433.36,0,0
2022,Estonia,0,0,0,1690503.62,194265.05,0,763027,0,0,0,0,0,0,0,0,0,0,0,0,0,0,0,0,0,0,0,0,0
2023,Estonia,0,0,727806,2136126.12,218281.29,0,776147,0,0,0,0,0,0,0,0,0,0,0,0,91146.58,0,0,0,0,0,0,0,0
2024,Estonia,0,0,295178,1074852,198944.73,0,167042,0,0,0,0,0,0,0,0,1546634.07,0,0,0,0,24632,0,0,0,0,0,0,0
2008,Finland,55833.4,0,0,0,0,0,0,0,0,0,0,87672.72,0,0,0,0,0,0,0,0,0,0,0,0,546863.02,0,0,0
2009,Finland,52707.19,0,0,0,0,0,0,0,0,0,0,152206.75,0,0,0,0,0,0,0,0,0,6602.98,0,0,443182.37,0,0,0
2010,Finland,39121.7,0,0,0,0,0,0,0,0,0,0,198994.6,0,0,0,0,72229.95,0,0,0,0,178833.4,0,0,690173.59,0,0,0
2011,Finland,55267.17,0,0,0,0,0,0,0,0,0,0,298497.93,0,0,0,0,47351.74,0,0,0,0,493589.68,0,0,1204345.91,0,0,0
2012,Finland,31408.21,0,0,0,0,0,0,0,0,0,0,208942.97,0,0,0,0,0,0,0,0,0,160200.22,0,0,448005.5,0,0,0
2013,Finland,50100.61,0,0,0,0,0,0,0,0,0,0,265862.38,0,0,0,0,6169.87,0,0,0,0,182276.18,0,0,773833.87,0,0,0
2014,Finland,25503.17,0,0,0,0,0,0,0,0,0,0,293444.32,0,0,0,0,10113.64,0,0,0,0,363027.21,0,0,2043518.22,0,0,0
2015,Finland,59691,0,0,0,0,0,0,0,0,0,0,237491,0,0,0,0,3553,0,0,0,0,311908,0,0,870238,0,0,0
2016,Finland,56733,0,0,0,0,0,0,8107,0,0,0,274092,0,0,0,0,0,0,0,0,0,0,1628034,0,3490474,0,0,0
2017,Finland,41767,0,0,0,0,0,0,8107,0,0,0,207396,0,0,0,0,0,0,532943,0,0,0,1636631,0,3986028,0,0,0
2018,Finland,0,0,0,0,270816,0,0,0,0,0,0,0,0,0,2334073,0,25736,0,0,0,0,0,451909.98,0,0,0,0,0
2019,Finland,0,0,0,0,496574,1284337,0,0,0,0,0,0,0,0,0,0,0,0,0,0,0,0,0,0,0,0,0,0
2020,Finland,0,0,0,0,661805.49,1366511,0,0,15067,0,0,0,0,0,0,0,0,0,0,0,0,0,0,0,0,390930,0,0
2021,Finland,0,0,0,1007979.48,437064.62,1293219,0,21228,0,0,0,0,0,0,0,0,0,0,0,0,0,0,0,0,0,19733.35,0,0
2022,Finland,0,0,0,2543956.1399999997,542982.96,0,711965,0,0,0,0,0,0,0,0,0,0,0,0,0,0,0,0,0,0,0,0,0
2023,Finland,0,0,288052,4078973.19,608965.24,0,204644,0,0,0,0,0,0,0,0,0,0,0,0,0,0,0,0,0,0,0,0,0
2024,Finland,0,0,151647.06,2668513.5,235069.3,0,272275,0,0,0,0,0,0,0,0,1228432.75,0,0,0,0,121338,0,0,0,0,0,0,0
2008,France,97478.29,0,0,0,0,0,0,0,0,0,0,20189.93,0,0,0,0,0,0,0,0,0,67386,0,0,2364539.07,0,0,0
2009,France,221476.56,0,0,0,0,0,0,0,0,0,0,47662.009999999995,0,0,0,0,0,0,0,0,0,518097.08,0,0,1456645.68,0,0,0
2010,France,108566.11,0,0,0,0,0,0,0,0,0,0,69989.39,0,0,0,0,96784,0,0,0,0,637820.88,0,0,1053149.34,0,0,0
2011,France,89060.7,0,0,0,0,0,0,0,0,0,0,177064.14,0,0,0,0,61548,0,0,0,0,563410.62,0,0,871293.76,0,0,0
2012,France,88059.83,0,0,0,0,0,0,0,0,0,0,192331.36,0,0,0,0,0,0,0,0,0,288937.78,0,0,170125.9,0,0,0
2013,France,111628.36,0,0,0,0,0,0,0,0,0,0,118580.97,0,0,0,0,5478.4,0,0,0,0,364283.92,0,0,266990.16,0,0,0
2014,France,99148.02,0,0,0,0,0,0,0,0,0,0,152812.05,0,0,0,0,3859.49,0,0,0,0,464992.04,0,0,909854.8,0,0,0
2015,France,97513,0,0,0,0,0,0,5793,0,0,0,116536,0,0,0,0,7176,0,0,0,0,373055,0,0,2287951,0,0,0
2016,France,79605,0,0,0,0,0,0,8624,0,0,0,107752,0,0,0,0,0,0,0,0,0,0,2093812,0,6504490,0,0,0
2017,France,135992,0,0,0,0,0,0,0,0,0,0,138450,0,0,0,0,50490,0,0,0,0,0,3582033,0,6346157,0,0,0
2018,France,0,0,0,0,1656826,0,0,0,0,0,0,0,0,0,7021281,0,25736,0,0,0,0,0,1438948,0,0,0,43435,0
2019,France,0,0,0,0,2971603.2,5825214,0,0,0,0,0,0,0,0,0,0,0,0,0,0,0,0,0,0,0,0,0,0
2020,France,0,0,20242,0,2243880.12,3025999,0,0,0,0,0,0,0,0,0,0,0,0,0,0,0,0,0,0,0,1948032,0,0
2021,France,0,0,0,906562.39,2661594,4543629.13,759511,0,0,0,0,0,0,0,0,0,0,0,0,0,0,0,0,0,0,0,0,0
2022,France,0,0,0,7261676.68,3781869,0,1845449,0,0,0,0,0,0,0,0,0,0,0,0,0,0,0,0,0,0,0,0,0
2023,France,0,0,0,9857777.86,1888203,0,1451199,0,0,0,0,0,0,0,0,0,0,0,0,0,0,0,0,0,0,0,0,0
2024,France,0,0,0,2098068.38,775973.2,0,0,0,0,0,0,0,0,0,0,8571512.74,0,0,0,0,646271,0,0,0,0,0,0,0
2014,Georgia,7013.67,0,0,0,0,0,0,0,0,0,0,0,0,0,0,0,0,0,0,0,0,0,0,0,4196,0,0,0
2015,Georgia,9527,0,0,0,0,0,0,0,0,0,0,6386,0,0,0,0,0,0,0,0,0,0,0,0,0,0,0,0
2016,Georgia,15074,0,0,0,0,0,0,0,0,0,0,17167,0,0,0,0,0,0,0,0,0,0,5795,0,0,0,0,0
2017,Georgia,26705,0,0,0,0,0,0,0,0,0,0,32874,0,0,0,0,0,0,0,0,0,0,13420,0,15702,0,0,0
2018,Georgia,0,0,0,0,40863.3,0,0,0,0,0,0,0,0,0,58800.64,0,0,0,0,0,0,0,10978.2,0,0,0,0,0
2019,Georgia,0,0,0,0,29756.7,224341.55,0,0,0,0,0,0,0,0,0,0,0,0,0,0,0,0,0,0,0,0,0,0
2020,Georgia,0,0,0,0,15857.4,27828.62,0,0,0,0,0,0,0,0,0,0,0,0,0,0,0,0,0,0,0,0,0,0
2021,Georgia,0,0,0,38601.32,41441.1,29346.89,0,0,0,0,0,0,0,0,0,0,0,0,0,0,0,0,0,0,0,0,0,0
2022,Georgia,0,0,0,31783.28,47255.590000000004,0,0,0,0,0,0,0,0,0,0,0,0,0,0,0,0,0,0,0,0,0,0,0
2023,Georgia,0,0,0,214073.21,75114,0,0,0,0,0,0,0,0,0,0,0,0,0,0,0,0,0,0,0,0,0,0,0
2024,Georgia,0,0,0,0,31088.85,0,0,0,0,0,0,0,0,0,0,0,0,0,0,0,54179.45,0,0,0,0,0,0,0
2008,Germany,380576.01,0,0,0,0,0,0,0,0,0,0,701930.57,0,0,0,0,0,0,0,0,0,64829,0,0,1787370.15,0,0,0
2009,Germany,534963.36,0,0,0,0,0,0,0,0,0,0,830003.3200000001,0,0,0,0,0,0,0,0,0,616836.37,0,0,1676306.29,0,0,0
2010,Germany,271744.36,0,0,0,0,0,0,0,0,0,0,334345.37,0,0,0,0,500882.87,0,0,0,0,1106257.73,0,0,1122594.96,0,0,0
2011,Germany,308083.83,0,0,0,0,0,0,0,0,0,0,780079.33,0,0,0,0,0,0,0,0,0,945700.36,0,0,751395.17,0,0,0
2012,Germany,324969.99,0,0,0,0,0,0,42736.5,0,0,0,1347523.11,0,0,0,0,0,0,0,0,0,1176072.02,0,0,34962.99,0,0,0
2013,Germany,173057.99,0,0,0,0,0,0,0,0,0,0,953505.9,0,0,0,0,12122.67,0,0,0,0,982781.9400000001,0,0,28706.28,0,0,0
2014,Germany,78111.93,0,0,0,0,0,0,6918.62,0,0,0,634873.51,0,0,0,0,17173.93,0,0,0,0,780078.66,0,0,46211.48,0,0,0
2015,Germany,62985,0,0,0,0,0,0,34067,0,0,0,927411,0,0,0,0,43402,0,0,0,0,2244679,0,0,1485578,0,0,0
2016,Germany,101098,0,0,0,0,0,0,59376,0,0,0,1007212,0,0,0,0,0,0,0,0,0,0,14529139,0,9486537,0,0,0
2017,Germany,102835,0,0,0,0,0,0,38277,0,0,0,3247612,0,0,0,0,64159,0,0,0,0,0,16694357,0,7122137,0,131897,0
2018,Germany,0,0,0,0,18632760.06,0,0,28294,0,0,0,0,0,0,11259816,0,28181,0,0,0,0,0,4207120,0,0,0,0,0
2019,Germany,0,0,0,0,26906032.59,9992905.7,0,0,0,0,0,0,0,0,0,0,0,0,0,0,0,0,0,0,0,0,0,0
2020,Germany,0,0,110304.12,0,16548707.99,11812177.47,0,0,0,0,0,0,0,0,0,0,0,0,0,0,0,0,0,0,0,2423669,0,0
2021,Germany,0,0,99570.85,6798341.44,24774127,10209802,2456941,66679,0,0,0,0,0,0,0,0,0,0,0,0,0,0,0,0,0,0,0,0
2022,Germany,0,0,18433.71,16793601.81,21302195,0,2705783,0,0,0,0,0,0,0,0,0,0,0,0,0,0,0,0,0,0,0,0,0
2023,Germany,0,0,0,21194763.84,27419065,0,2725531,0,0,0,0,0,0,0,0,0,0,0,0,0,0,0,0,0,0,0,0,0
2024,Germany,0,0,0,18544320.83,9965624,0,824088,0,0,0,0,0,0,0,0,7151201.51,0,0,0,0,17848300,0,0,0,0,0,0,0
2008,Greece,25461.27,0,0,0,0,0,0,0,0,0,0,34501.14,0,0,0,0,0,0,0,0,0,6680,0,0,3637280.92,0,0,0
2009,Greece,15805.4,0,0,0,0,0,0,0,0,0,0,50077.79,0,0,0,0,0,0,0,0,0,7166.5,0,0,6172789.1,0,0,0
2010,Greece,0,0,0,0,0,0,0,0,0,0,0,482998.27,0,0,0,0,0,0,0,0,0,45552.34,0,0,3236643.9299999997,0,0,0
2011,Greece,11211.36,0,0,0,0,0,0,0,0,0,0,1132592.11,0,0,0,0,202182,0,0,0,0,4787.9,0,0,3276646.54,0,0,0
2012,Greece,22372.11,0,0,0,0,0,0,8071.15,0,0,0,911747.15,0,0,0,0,0,0,21087.27,0,0,13034.25,0,0,3391611.91,0,0,0
2013,Greece,1693,0,0,0,0,0,0,14931.849999999999,0,0,0,48356.7,0,0,0,0,0,0,0,0,0,0,0,0,2929074.83,0,0,0
2014,Greece,2000,0,0,0,0,0,0,4686.6,0,0,0,21679.8,0,0,0,0,0,0,0,0,0,9310.07,0,0,2915885.08,0,0,0
2015,Greece,242,0,0,0,0,0,0,47901,0,0,0,162195,0,0,0,0,48435,0,0,0,0,0,0,0,7455986,0,0,0
2016,Greece,9101,0,0,0,0,0,0,94342,0,0,0,770824,0,0,0,0,0,0,0,0,0,0,4609,0,12547837,0,0,0
2017,Greece,14032,0,0,0,0,0,0,102446,0,0,0,62949,0,0,0,0,0,0,0,0,0,0,80563,0,17077876,0,0,0
2018,Greece,0,0,0,0,14285,0,0,114989,0,0,0,0,0,0,11949400,0,0,0,0,0,0,0,15438,0,0,0,0,0
2019,Greece,0,0,0,0,13832,8946329.92,0,220138,0,0,0,0,0,0,0,0,0,0,0,0,0,0,0,0,0,0,0,0
2020,Greece,0,0,0,0,3943,6270659,0,104293,0,0,0,0,0,0,0,0,0,0,0,0,0,0,0,0,0,460311,0,0
2021,Greece,0,0,0,822683.33,0,6677439,1307926,137900,0,0,0,0,0,0,0,0,0,0,0,0,0,0,0,0,0,366300.29,0,0
2022,Greece,0,0,0,5943639.94,0,0,9610638,0,0,0,0,0,0,0,0,0,0,0,0,0,0,0,0,0,0,0,0,0
2023,Greece,0,0,0,6827051.67,0,0,10243835,93514,0,0,0,0,0,0,0,0,0,0,0,0,0,0,0,0,0,0,0,0
2024,Greece,0,0,63795,3229718.77,63915,0,512879,135211,0,0,0,0,0,0,0,7178765.51,0,0,0,0,0,0,0,0,0,0,0,25661
2008,Hungary,21254.1,0,0,0,0,0,0,0,0,0,0,262816.17,0,0,0,0,0,0,0,0,0,0,0,0,0,0,0,0
2009,Hungary,49704.3,0,0,0,0,0,0,0,0,0,0,530489.06,0,0,0,0,0,0,0,0,0,3897.24,0,0,0,0,0,0
2010,Hungary,9072.8,0,0,0,0,0,0,0,0,0,0,420037.57,0,0,0,0,97376.78,0,0,0,0,49510.08,0,0,33397,0,0,0
2011,Hungary,65850.73,0,0,0,0,0,0,0,0,0,0,314458.56,0,0,0,0,0,0,0,0,0,14429.06,0,0,28102.65,0,0,0
2012,Hungary,23461.55,0,0,0,0,0,0,7834.5,0,0,0,144772.27,0,0,0,0,0,0,0,0,0,10771.69,0,0,24224,0,0,0
2013,Hungary,40975.65,0,0,0,0,0,0,0,0,0,0,225426.62,0,0,0,0,6584.78,0,0,0,0,11419,0,0,7515.68,0,0,0
2014,Hungary,20545.07,0,0,0,0,0,0,0,0,0,0,82187.67,0,0,0,0,0,0,0,0,0,137370.7,0,0,0,0,0,0
2015,Hungary,23225,0,0,0,0,0,0,642,0,0,0,172130,0,0,0,0,0,0,0,0,0,150397,0,0,8348,0,0,0
2016,Hungary,33514,0,0,0,0,0,0,19054,0,0,0,353789,0,0,0,0,0,0,0,0,0,0,310958,0,54105,0,0,0
2017,Hungary,39869,0,0,0,0,0,0,16270,0,0,0,300358,0,0,0,0,47150,0,0,0,0,0,583781,0,99597,0,110695,0
2018,Hungary,0,0,0,0,100905.88,0,0,16691,0,0,0,0,0,0,741512,0,8578,0,0,0,0,0,191463,0,0,0,113998.44,0
2019,Hungary,0,0,0,0,106692,539517,0,21187,0,0,0,0,0,0,0,0,0,0,0,0,0,0,0,0,0,0,113998.44,0
2020,Hungary,0,0,0,0,44166,938422,0,16717,0,0,0,0,0,0,0,0,0,0,0,0,0,0,0,0,0,0,0,0
2021,Hungary,0,0,0,948841.09,70598,2375809,0,41504,0,0,0,0,0,0,0,0,0,0,0,0,0,0,0,0,0,35950.03,0,0
2022,Hungary,0,0,0,4263361.37,38232,0,0,0,0,0,0,0,0,0,0,0,0,0,0,0,0,0,0,0,0,0,0,0
2023,Hungary,0,0,0,5478736.28,31565,0,0,0,0,0,0,0,0,0,0,0,0,0,0,0,0,0,0,0,0,0,0,0
2024,Hungary,0,0,0,3848565.52,4128,0,0,0,0,0,0,0,0,0,0,1640885.94,0,0,0,0,13551,0,0,0,0,0,0,0
2008,Iceland,4581.97,0,0,0,0,0,0,0,0,0,0,0,0,0,0,0,0,0,0,0,0,0,0,0,0,0,0,0
2009,Iceland,41168.54,0,0,0,0,0,0,0,0,0,0,0,0,0,0,0,0,0,0,0,0,9642.6,0,0,0,0,0,0
2010,Iceland,0,0,0,0,0,0,0,0,0,0,0,0,0,0,0,0,0,0,0,0,0,3550.4,0,0,4397923.29,0,0,0
2011,Iceland,13385.45,0,0,0,0,0,0,0,0,0,0,0,0,0,0,0,5481.13,0,0,0,0,0,0,0,5142411.21,0,0,0
2012,Iceland,8764.3,0,0,0,0,0,0,0,0,0,0,0,0,0,0,0,0,0,0,0,0,0,0,0,4308596.84,0,0,0
2013,Iceland,0,0,0,0,0,0,0,0,0,0,0,0,0,0,0,0,0,0,0,0,0,130522.68,0,0,3511416.08,0,0,0
2014,Iceland,3712.9,0,0,0,0,0,0,0,0,0,0,0,0,0,0,0,0,0,0,0,0,7469,0,0,4294573.8100000005,0,0,0
2015,Iceland,3974,0,0,0,0,0,0,0,0,0,0,0,0,0,0,0,0,0,0,0,0,139541,0,0,4275937,0,0,0
2016,Iceland,8653,0,0,0,0,0,0,0,0,0,0,0,0,0,0,0,0,0,0,0,0,0,917697,0,659270,0,0,0
2017,Iceland,0,0,0,0,0,0,0,0,0,0,0,0,0,0,0,0,0,0,0,0,0,0,1891471,0,3245303,0,0,0
2018,Iceland,0,0,0,0,396565,0,0,0,0,0,0,0,0,0,2580912,0,0,0,0,0,0,0,790936.7,0,0,0,0,0
2019,Iceland,0,0,0,0,315411,2919418,0,0,0,0,0,0,0,0,0,0,0,0,0,0,0,0,0,0,0,0,0,0
2020,Iceland,0,0,0,0,328427.54000000004,2463620,0,0,0,0,0,0,0,0,0,0,0,0,0,0,0,0,0,0,0,0,0,0
2021,Iceland,0,0,0,155119.91,164632,3295583,0,0,0,0,0,0,0,0,0,0,0,0,0,0,0,0,0,0,0,0,0,0
2022,Iceland,0,0,0,299633.16,28661,0,3036721,0,0,0,0,0,0,0,0,0,0,0,0,0,0,0,0,0,0,0,0,0
2023,Iceland,0,0,0,309784.54000000004,86100,0,3349404,0,0,0,0,0,0,0,0,0,0,0,0,0,0,0,0,0,0,0,0,0
2024,Iceland,0,0,0,124110.6,83510,0,819438,0,0,0,0,0,0,0,0,75707.18999999999,0,0,0,0,180684,0,0,0,0,0,0,0
2022,Iraq,0,0,0,0,1617200,0,0,0,0,0,0,0,0,0,0,0,0,0,0,0,0,0,0,0,0,0,0,0
2023,Iraq,0,0,0,0,4739850,0,0,0,0,0,0,0,0,0,0,0,0,0,0,0,0,0,0,0,0,0,0,0
2024,Iraq,0,0,0,0,5222250,0,0,0,0,0,0,0,0,0,0,0,0,0,0,0,0,0,0,0,0,0,0,0
2008,Ireland,80573.8,0,0,0,0,0,0,0,0,0,0,0,0,0,0,0,0,0,0,0,0,0,0,0,0,0,0,0
2009,Ireland,25150.559999999998,0,0,0,0,0,0,0,0,0,0,0,0,0,0,0,0,0,0,0,0,384188.36,0,0,0,0,0,0
2010,Ireland,0,0,0,0,0,0,0,0,0,0,0,0,0,0,0,0,0,0,0,0,0,470031.37,0,0,0,0,0,0
2011,Ireland,0,0,0,0,0,0,0,0,0,0,0,0,0,0,0,0,0,0,0,0,0,188755.13999999998,0,0,0,0,0,0
2012,Ireland,4864.76,0,0,0,0,0,0,0,0,0,0,0,0,0,0,0,0,0,0,0,0,184003.02,0,0,0,0,0,0
2013,Ireland,0,0,0,0,0,0,0,0,0,0,0,0,0,0,0,0,0,0,0,0,0,226177.9,0,0,0,0,0,0
2014,Ireland,13188.82,0,0,0,0,0,0,0,0,0,0,0,0,0,0,0,0,0,0,0,0,0,0,0,0,0,0,0
2015,Ireland,0,0,0,0,0,0,0,0,0,0,0,0,0,0,0,0,0,0,0,0,0,186701,0,0,0,0,0,0
2008,Italy,280618.88,0,0,0,0,0,0,0,0,0,0,135682.86,0,0,0,0,0,0,0,0,0,214566.43,0,17333.7,8272725.340000001,0,0,0
2009,Italy,177129.51,0,0,0,0,0,0,0,0,0,0,102556.79,0,0,0,0,0,67801.8,0,0,0,298050,0,0,4158723.19,0,0,0
2010,Italy,105488.51,0,0,0,0,0,0,0,0,0,0,32548.399999999998,0,0,0,0,82530,0,0,0,0,365885.11,0,0,5325184.53,0,0,0
2011,Italy,59025.11,0,0,0,0,0,0,0,0,0,0,161660.28,0,0,0,0,37134,0,0,0,0,382813.28,0,0,15756107.61,0,0,0
2012,Italy,116223.04000000001,0,0,0,0,0,0,0,0,0,0,64368.28,0,0,0,0,0,0,0,0,0,1030941.7999999999,0,0,4638190.22,0,0,0
2013,Italy,102337.4,0,0,0,0,0,0,0,0,0,0,49787.1,0,0,0,0,0,0,0,0,0,820864.3,0,0,4406251.21,0,0,0
2014,Italy,128252.08,0,0,0,0,0,0,37711.08,0,0,0,38522.14,0,0,0,0,0,0,0,0,0,1130958.12,0,0,7097630.71,0,0,0
2015,Italy,71545,0,0,0,0,0,0,81199,0,0,0,267583,0,0,0,0,26609,0,0,0,0,2478771,0,0,14568996,0,0,0
2016,Italy,149594,0,0,0,0,0,0,134777,0,0,0,425204,0,0,0,0,0,0,0,0,0,0,2246645,0,18457749,0,0,0
2017,Italy,182639,0,0,0,0,0,0,182107,0,0,0,63026,0,0,0,0,0,0,0,0,0,0,4819514,0,13253507,0,134004,0
2018,Italy,0,0,0,0,4132090,0,0,590175,0,0,0,0,0,0,12780373,0,0,0,0,0,0,0,1747512,0,0,0,0,0
2019,Italy,0,0,0,0,5183338.9399999995,15779463.71,0,275917,64919.78,0,0,0,0,0,0,0,0,0,0,0,0,0,0,0,0,0,0,0
2020,Italy,0,0,0,0,3192370.73,11946318,0,251367,47684,0,0,0,0,0,0,0,0,0,0,0,0,0,0,0,0,0,3695630,0
2021,Italy,0,0,426961,4719456.42,7267638,15033893,3922510,756024,0,0,0,0,0,0,0,0,0,0,0,0,0,0,0,0,0,92600.07,281354.66,0
2022,Italy,0,0,32588,10577375.04,10234161,0,18375758,0,0,0,0,0,0,0,0,0,0,0,0,0,0,0,0,0,0,0,238360,0
2023,Italy,0,0,102481,14498237.24,9319727,0,14156719,0,0,0,0,0,0,0,686321,0,0,0,0,59845.5,0,0,0,0,0,0,0,0
2024,Italy,0,0,0,7393309.5600000005,2395822,0,3416830,0,0,0,0,0,0,0,0,12228542.42,0,0,0,0,5214232,0,0,0,0,0,0,0
2017,Kosovo,8954,0,0,0,0,0,0,0,0,0,0,9777,0,0,0,0,0,0,0,0,0,0,0,0,10284,0,0,0
2018,Kosovo,0,0,0,0,0,0,0,0,0,0,0,0,0,0,99814.95,0,0,0,0,0,0,0,0,0,0,0,0,0
2019,Kosovo,0,0,0,0,0,154789.41,0,0,0,0,0,0,0,0,0,0,0,0,0,0,0,0,0,0,0,0,0,0
2021,Kosovo,0,0,0,0,0,27156.6,0,0,0,0,0,0,0,0,0,0,0,0,0,0,0,0,0,0,0,0,0,0
2022,Kosovo,0,0,0,20111.72,0,0,0,0,0,0,0,0,0,0,0,0,0,0,0,0,0,0,0,0,0,0,0,0
2023,Kosovo,0,0,0,51270.119999999995,0,0,0,0,0,0,0,0,0,0,0,0,0,0,0,0,0,0,0,0,0,0,0,0
2008,Latvia,12277.68,0,0,0,0,0,0,0,0,0,0,75470.62,0,0,0,0,0,0,0,0,0,0,0,0,10039.84,0,0,0
2009,Latvia,54898.119999999995,0,0,0,0,0,0,0,0,0,0,174676.02000000002,0,0,0,0,0,0,0,0,0,11400.1,0,0,428849.64,0,0,0
2010,Latvia,71382.45,0,0,0,0,0,0,0,0,0,0,524649.31,0,0,0,0,51112,0,0,0,0,76680.63,0,0,2055128.5999999999,0,0,0
2011,Latvia,61460.51,0,0,0,0,0,0,0,0,0,0,408734.06,0,0,0,0,26638.4,0,0,0,0,116454.47,0,0,1680476.85,0,0,0
2012,Latvia,81173.38,0,0,0,0,0,0,0,0,0,0,840420.51,0,0,0,0,0,0,0,0,0,96127.14,0,0,1855776.21,0,0,0
2013,Latvia,39498.65,0,0,0,0,0,0,0,0,0,0,322201.23,0,0,0,0,6184.6,0,0,0,0,10980.34,0,0,746818.77,0,0,0
2014,Latvia,39869.81,0,0,0,0,0,0,6739.4,0,0,0,496443.87,0,0,0,0,3941.88,0,0,0,0,10912.93,0,0,1087081.4,0,0,0
2015,Latvia,36352,0,0,0,0,0,0,0,0,0,0,498693,0,0,0,0,0,0,0,0,0,0,0,0,2637677,0,0,0
2016,Latvia,86571,0,0,0,0,0,0,0,0,0,0,703430,0,0,0,0,0,0,0,0,0,0,228242,0,4718800,0,0,0
2017,Latvia,45735,0,0,0,0,0,0,84706,0,0,0,697169,0,0,0,0,38400,0,0,0,0,0,18190,0,7366739,0,0,0
2018,Latvia,0,0,0,0,0,0,0,89506,0,0,0,0,0,0,8356921,0,17208,0,0,0,0,0,0,0,0,0,0,0
2019,Latvia,0,0,0,0,11075,7514972.9,0,105587,0,0,0,0,0,0,221354,0,0,0,0,0,0,0,0,0,0,0,56290,0
2020,Latvia,0,0,59176,0,0,7409091,0,86983,0,0,0,0,0,0,0,0,0,0,0,0,0,0,0,0,0,0,0,0
2021,Latvia,0,0,0,1099209.21,0,7263091,1746862.5,0,0,0,0,0,0,0,0,0,0,0,0,0,0,0,0,0,0,77500.06,0,0
2022,Latvia,0,0,0,2423153.06,0,0,6433772,0,0,0,0,0,0,0,0,0,0,0,0,0,0,0,0,0,0,0,0,0
2023,Latvia,0,0,87960,2835935.1,0,0,5596818,0,0,0,0,0,0,0,0,0,0,0,0,0,0,0,0,0,0,0,0,0
2024,Latvia,0,0,35073,1589995,0,0,2464502,0,0,0,0,0,0,0,0,2024625.28,0,0,0,0,21412,0,0,0,0,0,0,0
2008,Lithuania,49859.87,0,0,0,0,0,0,0,0,0,0,5806.25,0,0,0,0,0,0,0,0,0,0,0,0,289242.10000000003,0,0,0
2009,Lithuania,42355.74,0,0,0,0,0,0,0,0,0,0,504703.02999999997,0,0,0,0,0,98630.08,0,0,0,0,0,0,314494.9,0,0,0
2010,Lithuania,10804.130000000001,0,0,0,0,0,0,0,0,0,0,353617.73,0,0,0,0,15053,0,0,0,0,0,0,0,493182.70999999996,0,0,0
2011,Lithuania,24971.36,0,0,0,0,0,0,0,0,0,0,175773.08000000002,0,0,0,0,269321.2,0,0,0,0,0,0,0,708132.55,0,0,0
2012,Lithuania,54115.54,0,0,0,0,0,0,0,0,0,0,527860.04,0,0,0,0,0,0,0,0,0,0,0,0,660268.76,0,0,0
2013,Lithuania,6794.5,0,0,0,0,0,0,0,0,0,0,100378.84,0,0,0,0,0,0,0,0,0,0,0,0,12762.369999999999,0,0,0
2014,Lithuania,23642.010000000002,0,0,0,0,0,0,30987.199999999997,0,0,0,116282.56,0,0,0,0,0,0,0,0,0,0,0,0,100039.65,0,0,0
2015,Lithuania,51768,0,0,0,0,0,0,28578,0,0,0,258745,0,0,0,0,12558,0,0,0,0,10557,0,0,670465,0,0,0
2016,Lithuania,42911,0,0,0,0,0,0,79255,0,0,0,408514,0,0,0,0,0,0,0,0,0,0,308091,0,1151886,0,0,0
2017,Lithuania,83067,0,0,0,0,0,0,108744,0,0,0,312956,0,0,0,0,49183,0,0,0,0,0,409581,0,989331,0,56836,0
2018,Lithuania,0,0,0,0,25275,0,0,109639,0,0,0,0,0,0,2854550,0,10409,0,0,0,0,0,0,0,0,0,56566.32,0
2019,Lithuania,0,0,0,0,0,3324973.38,0,109407,0,0,0,0,0,0,0,0,0,0,0,0,0,0,0,0,0,0,0,0
2020,Lithuania,0,0,0,0,0,3297029,0,134525,0,0,0,0,0,0,0,0,0,0,0,0,0,0,0,0,0,174015,0,0
2021,Lithuania,0,0,13452,931330.96,30760.05,2372359.02,266488,83336,0,0,0,0,0,0,0,0,0,0,0,0,0,0,0,0,0,127666.77,0,0
2022,Lithuania,0,0,0,1704073.43,263107,0,1688160,0,0,0,0,0,0,0,0,0,0,0,0,0,0,0,0,0,0,0,0,0
2023,Lithuania,0,0,0,2971939.6,104467,0,1300336,0,0,0,0,0,0,0,0,0,0,0,0,0,0,0,0,0,0,0,0,0
2024,Lithuania,0,0,40127,3314553.52,0,0,823491,0,0,0,339781,0,0,0,0,2548841.31,0,0,0,0,29522,0,0,0,0,0,0,0
2008,Luxembourg,15884.43,0,0,0,0,0,0,0,0,0,0,2899.93,0,0,0,0,0,0,0,0,0,775,0,0,1732892.51,0,0,0
2009,Luxembourg,10589.62,0,0,0,0,0,0,0,0,0,0,273094.64,0,0,0,0,0,98585.69,0,0,0,42825.34,0,0,3083319.1,0,0,0
2010,Luxembourg,0,0,0,0,0,0,0,0,0,0,0,3120,0,0,0,0,22644,0,0,0,0,0,0,0,2799458.92,0,0,0
2011,Luxembourg,15743.74,0,0,0,0,0,0,0,0,0,0,5765.639999999999,0,0,0,0,614971.04,0,0,0,0,19261,0,0,1826739.54,0,0,0
2012,Luxembourg,6392.36,0,0,0,0,0,0,0,0,0,0,4919.1,0,0,0,0,0,0,0,0,0,6262.09,0,0,2410130.19,0,0,0
2013,Luxembourg,0,0,0,0,0,0,0,0,0,0,0,0,0,0,0,0,0,0,0,0,0,0,0,0,1497051.78,0,0,0
2014,Luxembourg,0,0,0,0,0,0,0,0,0,0,0,0,0,0,0,0,0,0,0,0,0,12642.75,0,0,7875.2,0,0,0
2015,Luxembourg,8322,0,0,0,0,0,0,0,0,0,0,0,0,0,0,0,0,0,0,0,0,44699,0,0,20898,0,0,0
2016,Luxembourg,0,0,0,0,0,0,0,0,0,0,0,7248,0,0,0,0,0,0,0,0,0,0,115698,0,243527,0,0,0
2017,Luxembourg,17771,0,0,0,0,0,0,0,0,0,0,12537,0,0,0,0,0,0,0,0,0,0,48330,0,3317134,0,0,0
2018,Luxembourg,0,0,0,0,104633.37,0,0,0,0,0,0,0,0,0,2847001,0,10409,0,0,0,0,0,15102,0,0,0,0,0
2019,Luxembourg,0,0,0,0,131842,2977888,0,0,0,0,0,0,0,0,0,0,0,0,0,0,0,0,0,0,0,0,0,0
2020,Luxembourg,0,0,0,0,73600,3914466,0,0,0,0,0,0,0,0,0,0,0,0,0,0,0,0,0,0,0,0,0,0
2021,Luxembourg,0,0,0,297971.83,125915,2519118,1564656,0,0,0,0,0,0,0,0,0,0,0,0,0,0,0,0,0,0,0,0,0
2022,Luxembourg,0,0,0,446285.37,0,0,3869973,0,0,0,0,0,0,0,0,0,0,0,0,0,0,0,0,0,0,0,0,0
2023,Luxembourg,0,0,0,693822.65,79497,0,3910153.35,0,0,0,0,0,0,0,0,0,0,0,0,0,0,0,0,0,0,0,0,0
2024,Luxembourg,0,0,0,755757.64,13107,0,1676566,0,0,0,0,0,0,0,0,2902063.49,0,0,0,0,34811,0,0,0,0,0,0,0
2008,Malta,0,0,0,0,0,0,0,0,0,0,0,0,0,0,0,0,0,0,0,0,0,0,0,0,1257173.58,0,0,0
2009,Malta,0,0,0,0,0,0,0,0,0,0,0,0,0,0,0,0,0,0,0,0,0,6667.05,0,0,1202480.77,0,0,0
2010,Malta,13032,0,0,0,0,0,0,0,0,0,0,46838.57,0,0,0,0,19736,0,0,0,0,105302.01,0,0,347565.01,0,0,0
2011,Malta,0,0,0,0,0,0,0,0,0,0,0,321498.34,0,0,0,0,0,0,0,0,0,10376.85,0,0,2230.14,0,0,0
2012,Malta,6510.5,0,0,0,0,0,0,0,0,0,0,130967.94,0,0,0,0,0,0,0,0,0,5887.09,0,0,185693.22,0,0,0
2013,Malta,19796.07,0,0,0,0,0,0,21038.07,0,0,0,190618.36,0,0,0,0,0,0,0,0,0,12829.37,0,0,459199.57,0,0,0
2014,Malta,0,0,0,0,0,0,0,0,0,0,0,169181.97999999998,0,0,0,0,0,0,0,0,0,56510.12,0,0,729993.2,0,0,0
2015,Malta,0,0,0,0,0,0,0,0,0,0,0,0,0,0,0,0,0,0,0,0,0,14851,0,0,1845463,0,0,0
2016,Malta,0,0,0,0,0,0,0,0,0,0,0,174888,0,0,0,0,0,0,0,0,0,0,24068,0,2016087,0,0,0
2017,Malta,0,0,0,0,0,0,0,0,0,0,0,114597,0,0,0,0,0,0,0,0,0,0,0,0,1858699,0,0,0
2018,Malta,0,0,0,0,0,0,0,18035,0,0,0,0,0,0,718706,0,8808,0,0,0,0,0,0,0,0,0,0,0
2019,Malta,0,0,0,0,0,588491,0,56653,0,0,0,0,0,0,0,0,0,0,0,0,0,0,0,0,0,0,0,0
2020,Malta,0,0,0,0,3055,191398,0,153842,0,0,0,0,0,0,0,0,0,0,0,0,0,0,0,0,0,0,0,0
2021,Malta,0,0,0,275181.83999999997,0,618809,0,172639,0,0,0,0,0,0,0,0,0,0,0,0,0,0,0,0,0,15783.35,0,0
2022,Malta,0,0,0,983700.51,12090,0,226505,0,0,0,0,0,0,0,0,0,0,0,0,0,0,0,0,0,0,0,0,0
2023,Malta,0,0,0,1182189.03,15383,0,227741,0,0,0,0,0,0,0,0,0,0,0,0,0,0,0,0,0,0,0,0,0
2024,Malta,0,0,0,914212.85,22060,0,0,0,0,0,0,0,0,0,0,541068.19,0,0,0,0,16163,0,0,0,0,0,0,0
2008,Moldova,0,0,0,0,0,0,0,0,0,0,0,15232.8,0,0,0,0,0,0,0,0,0,0,0,0,0,0,0,0
2009,Moldova,0,0,0,0,0,0,0,0,0,0,0,12772.8,0,0,0,0,0,0,0,0,0,0,0,0,0,0,0,0
2010,Moldova,0,0,0,0,0,0,0,0,0,0,0,16868,0,0,0,0,0,0,0,0,0,0,0,0,0,0,0,0
2011,Moldova,0,0,0,0,0,0,0,0,0,0,0,26193.14,0,0,0,0,0,0,0,0,0,0,0,0,0,0,0,0
2012,Moldova,3890.2,0,0,0,0,0,0,0,0,0,0,12473.78,0,0,0,0,0,0,0,0,0,0,0,0,0,0,0,0
2013,Moldova,9086.68,0,0,0,0,0,0,0,0,0,0,9999.5,0,0,0,0,0,0,0,0,0,0,0,0,4410,0,0,0
2014,Moldova,16598.91,0,0,0,0,0,0,0,0,0,0,14686.96,0,0,0,0,0,0,0,0,0,0,0,0,1220,0,0,0
2015,Moldova,11835,0,0,0,0,0,0,0,0,0,0,3585,0,0,0,0,0,0,0,0,0,0,0,0,2409,0,0,0
2016,Moldova,17179,0,0,0,0,0,0,0,0,0,0,43063,0,0,0,0,0,0,0,0,0,0,0,0,7077,0,0,0
2017,Moldova,38391,0,0,0,0,0,0,0,0,0,0,38439,0,0,0,0,0,0,0,0,0,0,0,0,1049,0,0,0
2018,Moldova,0,0,0,0,0,0,0,0,0,0,0,0,0,0,71477.31,0,0,0,0,0,0,0,0,0,0,0,0,0
2019,Moldova,0,0,0,0,0,270614.55,0,0,0,0,0,0,0,0,0,0,0,0,0,0,0,0,0,0,0,0,0,0
2021,Moldova,0,0,0,50691.25,0,35232.96,0,0,0,0,0,0,0,0,0,0,0,0,0,0,0,0,0,0,0,0,0,0
2022,Moldova,0,0,0,735505.16,0,0,0,0,0,0,0,0,0,0,0,0,0,0,0,0,0,0,0,0,0,0,0,0
2023,Moldova,0,0,0,602945,0,0,0,0,0,0,0,0,0,0,0,0,0,0,0,0,0,0,0,0,0,0,0,0
2024,Moldova,0,0,0,277493.30000000005,7142.25,0,0,0,0,0,0,0,0,0,0,60197.13,0,0,0,0,13642.5,0,0,0,0,0,0,0
2012,Montenegro,0,0,0,0,0,0,0,0,0,0,0,4050.2,0,0,0,0,0,0,0,0,0,0,0,0,5554,0,0,0
2015,Montenegro,667,0,0,0,0,0,0,0,0,0,0,0,0,0,0,0,0,0,0,0,0,0,0,0,0,0,0,0
2016,Montenegro,0,0,0,0,0,0,0,0,0,0,0,5064,0,0,0,0,0,0,0,0,0,0,0,0,0,0,0,0
2017,Montenegro,7426,0,0,0,0,0,0,0,0,0,0,0,0,0,0,0,0,0,0,0,0,0,0,0,0,0,0,0
2018,Montenegro,0,0,0,0,0,0,0,0,0,0,0,0,0,0,0,0,0,0,0,0,0,0,2621.5,0,0,0,0,0
2019,Montenegro,0,0,0,0,2696.4,0,0,0,0,0,0,0,0,0,0,0,0,0,0,0,0,0,0,0,0,0,0,0
2020,Montenegro,0,0,0,0,2696.4,29101.86,0,0,0,0,0,0,0,0,0,0,0,0,0,0,0,0,0,0,0,0,0,0
2021,Montenegro,0,0,0,73825.72,0,102757.45,0,0,0,0,0,0,0,0,0,0,0,0,0,0,0,0,0,0,0,0,0,0
2022,Montenegro,0,0,0,114300.61,0,0,0,0,0,0,0,0,0,0,0,0,0,0,0,0,0,0,0,0,0,0,0,0
2023,Montenegro,0,0,0,173397.78,0,0,0,0,0,0,0,0,0,0,0,0,0,0,0,0,0,0,0,0,0,0,0,0
2024,Montenegro,0,0,0,89914.23999999999,0,0,0,0,0,0,0,0,0,0,0,0,0,0,0,0,0,0,0,0,0,0,0,0
2008,Netherlands,177759.45,0,0,0,0,0,0,0,0,0,0,13475.52,0,0,0,0,0,0,0,0,0,442569.59,0,0,102883.67,0,0,0
2009,Netherlands,197242.09,0,0,0,0,0,0,0,0,0,0,47232,0,0,0,0,0,0,0,0,0,311035.65,0,0,205360.55,0,0,0
2010,Netherlands,132700.38,0,0,0,0,0,0,0,0,0,0,119622.16,0,0,0,0,371260.25,0,0,0,0,710862.77,0,0,821427.12,0,0,0
2011,Netherlands,218487.29,0,0,0,0,0,0,0,0,0,0,1310401.85,0,0,0,0,60785.65,0,0,0,0,2041265.7,0,0,1197726.26,0,0,0
2012,Netherlands,241454.99000000002,0,0,0,0,0,0,0,0,0,0,1060200.45,0,0,0,0,0,0,0,0,0,2153992.49,0,0,703997.81,0,0,0
2013,Netherlands,176292.56,0,0,0,0,0,0,27227.22,0,0,0,553528.86,0,0,0,0,0,0,0,0,0,1083457.03,0,0,362939.54000000004,0,0,0
2014,Netherlands,124765.67,0,0,0,0,0,0,57788.56,0,0,0,407047.15,0,0,0,0,0,0,0,0,0,1137771.68,0,0,764011.78,0,0,0
2015,Netherlands,128797,0,0,0,0,0,0,18293,0,0,0,697890,0,0,0,0,25449,0,0,0,0,1480003,0,0,1325614,0,0,0
2016,Netherlands,167729,0,0,0,0,0,0,86349,0,0,0,1486268,0,0,0,0,0,0,0,0,0,0,869887,0,10281146,0,0,0
2017,Netherlands,332745,0,0,0,0,0,0,85611,0,0,0,1979726,0,0,0,0,0,0,0,0,0,0,952519,0,8076975,0,0,0
2018,Netherlands,0,0,0,0,64601,0,0,85374,0,0,0,0,0,0,9137499,0,0,0,0,0,0,0,740570.15,0,5056.82,0,0,0
2019,Netherlands,0,0,0,0,87545,12823394,0,88649,0,0,0,0,0,0,0,0,0,0,0,0,0,0,0,0,0,0,0,0
2020,Netherlands,0,0,0,0,462817.82,6476428,0,50244,0,0,0,0,0,0,0,0,0,0,0,0,0,0,0,0,0,0,0,0
2021,Netherlands,0,0,0,2348731.01,565563.4299999999,1879132,274226,130762,0,0,0,0,0,0,0,0,0,0,0,0,0,0,0,0,0,0,0,0
2022,Netherlands,0,0,0,5035401.7,279823.04000000004,0,129519,0,0,0,0,0,0,0,0,0,0,0,0,0,0,0,0,0,0,0,0,0
2023,Netherlands,0,0,0,6094989.64,334241.1,0,180085,0,0,0,0,0,0,0,0,0,0,0,0,0,0,0,0,0,0,0,0,0
2024,Netherlands,0,0,0,5221614.12,233299.65,0,0,0,0,0,0,0,0,0,0,2540601.98,0,0,0,0,0,0,0,0,0,0,0,0
2015,Nigeria,5425,0,0,0,0,0,0,0,0,0,0,0,0,0,0,0,0,0,0,0,0,0,0,0,0,0,0,0
2016,Nigeria,6274,0,0,0,0,0,0,0,0,0,0,0,0,0,0,0,0,0,0,0,0,0,0,0,9075,0,0,0
2011,North Macedonia,12792.08,0,0,0,0,0,0,0,0,0,0,3730.8199999999997,0,0,0,0,0,0,0,0,0,0,0,0,0,0,0,0
2012,North Macedonia,10736.93,0,0,0,0,0,0,0,0,0,0,0,0,0,0,0,0,0,0,0,0,0,0,0,0,0,0,0
2013,North Macedonia,11836.02,0,0,0,0,0,0,0,0,0,0,3166.45,0,0,0,0,0,0,0,0,0,0,0,0,0,0,0,0
2014,North Macedonia,16135.599999999999,0,0,0,0,0,0,0,0,0,0,6333.91,0,0,0,0,0,0,0,0,0,0,0,0,0,0,0,0
2015,North Macedonia,10868,0,0,0,0,0,0,0,0,0,0,23560,0,0,0,0,0,0,0,0,0,0,0,0,0,0,0,0
2016,North Macedonia,19333,0,0,0,0,0,0,0,0,0,0,28255,0,0,0,0,0,0,0,0,0,0,0,0,0,0,0,0
2017,North Macedonia,18158,0,0,0,0,0,0,0,0,0,0,31427,0,0,0,0,0,0,0,0,0,0,0,0,8471,0,0,0
2018,North Macedonia,0,0,0,0,0,0,0,0,0,0,0,0,0,0,74892.09,0,0,0,0,0,0,0,0,0,0,0,0,0
2019,North Macedonia,0,0,0,0,0,76360.24,0,0,0,0,0,0,0,0,0,0,0,0,0,0,0,0,0,0,0,0,0,0
2021,North Macedonia,0,0,0,21153.75,0,39670.42,0,0,0,0,0,0,0,0,0,0,0,0,0,0,0,0,0,0,0,0,0,0
2022,North Macedonia,0,0,0,15817.81,0,0,0,0,0,0,0,0,0,0,0,0,0,0,0,0,0,0,0,0,0,0,0,0
2023,North Macedonia,0,0,0,321652.62,0,0,0,0,0,0,0,0,0,0,0,0,0,0,0,0,0,0,0,0,0,0,0,0
2024,North Macedonia,0,0,0,251649.88,0,0,0,0,0,0,0,0,0,0,0,132615,0,0,0,0,0,0,0,0,0,0,0,0
2008,Norway,16965.5,0,0,0,0,0,0,0,0,0,0,8318.61,0,0,0,0,0,0,0,0,0,0,0,0,0,0,0,0
2009,Norway,32498.65,0,0,0,0,0,0,0,0,0,0,17803.06,0,0,0,0,0,0,0,0,0,93295.05,0,0,110300.29000000001,0,0,0
2010,Norway,27754.190000000002,0,0,0,0,0,0,0,0,0,0,29354.21,0,0,0,0,61349.2,0,0,0,0,388171.17,0,0,111143.67,0,0,0
2011,Norway,13194.95,0,0,0,0,0,0,0,0,0,0,50491.7,0,0,0,0,34439.5,0,0,0,0,957573.13,0,0,63520.95,0,0,0
2012,Norway,0,0,0,0,0,0,0,0,0,0,0,33077.84,0,0,0,0,0,0,0,0,0,752491.34,0,0,66915.11,0,0,0
2013,Norway,17237.7,0,0,0,0,0,0,0,0,0,0,37426.06,0,0,0,0,0,0,0,0,0,241442.16,0,0,90331.89,0,0,0
2014,Norway,9046.85,0,0,0,0,0,0,0,0,0,0,48012.44,0,0,0,0,3859.49,0,0,0,0,640303.04,0,0,89760.61,0,0,0
2015,Norway,9078,0,0,0,0,0,0,16228,0,0,0,34487,0,0,0,0,9728,0,0,0,0,565459,0,0,7026347,0,0,0
2016,Norway,900,0,0,0,0,0,0,0,0,0,0,95297,0,0,0,0,0,0,0,0,0,0,1337234,0,9814571,0,0,0
2017,Norway,0,0,0,0,0,0,0,0,0,0,0,59438,0,0,0,0,0,0,0,0,0,0,607377,0,8452787,0,0,0
2018,Norway,0,0,0,0,503567,0,0,0,0,0,0,0,0,0,464962,0,0,0,0,0,0,0,1008364.4,0,0,0,0,0
2019,Norway,0,0,0,0,1037854.8400000001,764214,0,19384,0,0,0,0,0,0,0,0,0,0,0,0,0,0,0,0,0,0,0,0
2020,Norway,0,0,0,0,291127.07999999996,846385,0,30361,0,0,0,0,0,0,0,0,0,0,0,0,0,0,0,0,0,0,0,0
2021,Norway,0,0,0,495725.39,279850.8,702380,0,0,0,0,0,0,0,0,0,0,0,0,0,0,0,0,0,0,0,0,0,0
2022,Norway,0,0,0,1042629.35,1742626.26,0,0,0,0,0,0,0,0,0,0,0,0,0,0,0,0,0,0,0,0,0,0,0
2023,Norway,0,0,0,1397355.8699999999,489223.25,0,0,0,38671.08,0,0,0,0,0,0,0,0,0,0,0,0,0,0,0,0,0,0,0
2024,Norway,0,0,0,1922019.31,155525.87,0,0,0,0,0,0,0,0,0,0,575812.63,0,0,0,0,355089,0,0,0,0,0,0,0
2022,Pakistan,0,0,0,0,303960,0,0,0,0,0,0,0,0,0,0,0,0,0,0,0,0,0,0,0,0,0,0,0
2023,Pakistan,0,0,0,0,1219819,0,0,0,0,0,0,0,0,0,0,0,0,0,0,0,0,0,0,0,0,0,0,0
2024,Pakistan,0,0,0,0,1004746,0,0,0,0,0,0,0,0,0,0,0,0,0,0,0,0,0,0,0,0,0,0,0
2008,Poland,44354.05,0,0,0,0,0,0,0,0,0,0,179682.11,0,0,0,0,0,37664.98,0,0,0,4794,0,0,0,0,0,0
2009,Poland,96276.88,0,0,0,0,0,0,0,0,0,0,654121.39,0,0,0,0,0,0,0,0,0,77979.05,0,0,574702.65,0,0,0
2010,Poland,100248.21,0,0,0,0,0,0,0,0,0,0,849861.29,0,0,0,0,78465,0,0,0,0,62817.979999999996,0,0,471836.42,0,0,0
2011,Poland,88110.62,0,0,0,0,0,0,0,0,0,0,732242,0,0,0,0,661979.47,0,0,0,0,20611.28,0,0,318069.48,0,0,0
2012,Poland,63243.909999999996,0,0,0,0,0,0,0,0,0,0,666654.24,0,0,0,0,0,0,0,0,0,55344.21,0,0,604961.8999999999,0,0,0
2013,Poland,49052.5,0,0,0,0,0,0,0,0,0,0,416196.76,0,0,0,0,32846.86,0,0,0,0,26667.49,0,0,135581.84,0,0,0
2014,Poland,21507.64,0,0,0,0,0,0,0,0,0,0,317555.05,0,0,0,0,14761.72,0,0,0,0,16010.9,0,0,420978.51,0,0,0
2015,Poland,45518,0,0,0,0,0,0,10954,0,0,0,454343,0,0,0,0,24186,0,0,0,0,6386,0,0,657730,0,0,0
2016,Poland,93728,0,0,0,0,0,0,16711,0,0,0,1213921,0,0,0,0,0,0,0,0,0,0,304564,0,3027009,0,0,0
2017,Poland,149799,0,0,0,0,0,0,68647,0,0,0,1066685,0,0,0,0,85163,0,0,0,0,0,516497,0,1334060,0,0,0
2018,Poland,0,0,0,0,90213,0,0,45276,0,0,0,0,0,0,3381422,0,25516,0,0,0,0,0,33912,0,0,0,0,0
2019,Poland,0,0,0,0,166733,3702111.46,0,0,0,0,0,0,0,0,0,0,0,0,0,0,0,0,0,0,0,0,0,0
2020,Poland,0,0,0,0,162026.88,3602485,0,34669.520000000004,0,0,0,0,0,0,0,0,0,0,0,0,0,0,0,0,0,0,2276485.67,0
2021,Poland,0,0,0,1811732.78,467093.33999999997,3679332,202122,0,0,0,0,0,0,0,0,0,0,0,0,0,0,0,0,0,0,106350.09,0,0
2022,Poland,0,0,0,4072317.5,1364367.03,0,1134998,0,0,0,0,0,0,0,0,0,0,0,0,0,0,0,0,0,0,0,0,0
2023,Poland,0,0,289672.2,6871201.3,430008.31,0,955952,0,0,0,0,0,0,0,0,0,0,0,0,0,0,0,0,0,0,0,0,0
2024,Poland,0,0,0,6281813.8,532072.14,0,372249,0,0,0,0,0,0,0,0,2054685.96,0,0,0,0,26736,0,0,0,0,0,0,0
2008,Portugal,192099.38,0,0,0,0,0,0,0,0,0,0,100239.23,0,0,0,0,0,0,0,0,0,0,0,10671.98,779601.97,0,0,0
2009,Portugal,136628.79,0,0,0,0,0,0,0,0,0,0,47354.14,0,0,0,0,0,0,0,0,0,0,0,0,946473.15,0,0,0
2010,Portugal,18110.14,0,0,0,0,0,0,0,0,0,0,40080.49,0,0,0,0,96544.8,0,0,0,0,0,0,0,703516.59,0,0,0
2011,Portugal,73443.04000000001,0,0,0,0,0,0,0,0,0,0,212700.23,0,0,0,0,66829.81,0,0,0,0,79131.99,0,0,4210531.9,0,0,0
2012,Portugal,105847.78,0,0,0,0,0,0,8357.37,0,0,0,299993.55,0,0,0,0,0,0,0,0,0,12268.75,0,0,2513990.5700000003,0,0,0
2013,Portugal,61225.91,0,0,0,0,0,0,3513.88,0,0,0,266760.22,0,0,0,0,16765.83,0,0,0,0,6346.86,0,0,2994392.42,0,0,0
2014,Portugal,108903.70999999999,0,0,0,0,0,0,0,0,0,0,457561.72000000003,0,0,0,0,0,0,0,0,0,4663.65,0,0,3351785.23,0,0,0
2015,Portugal,75909,0,0,0,0,0,0,0,0,0,0,218028,0,0,0,0,0,0,0,0,0,166,0,0,4783837,0,0,0
2016,Portugal,99630,0,0,0,0,0,0,0,0,0,0,372185,0,0,0,0,0,0,0,0,0,0,355832,0,9496049,0,0,0
2017,Portugal,109961,0,0,0,0,0,0,89217,0,0,0,759877,0,0,0,0,44943,0,0,0,0,0,64852,0,8981587,0,119881,0
2018,Portugal,0,0,0,0,23576,0,0,386136,0,0,0,0,0,0,12120933.8,0,26352,0,0,0,0,0,15490.59,0,12743.7,0,0,0
2019,Portugal,0,0,0,0,37190.729999999996,10713026.35,0,178564,0,0,0,0,0,0,0,0,0,0,0,138675,0,0,0,0,0,0,0,0
2020,Portugal,0,0,0,0,90722.9,7106187,0,128029,0,0,0,0,0,0,0,0,0,0,0,0,0,0,0,0,0,0,0,0
2021,Portugal,0,0,0,1957647.89,12038,3374621,2886945,226873,0,0,0,0,0,0,0,0,0,0,0,0,0,0,0,0,0,288483.56,0,0
2022,Portugal,0,0,0,3312429.7399999998,19299,0,6534794,0,18044.74,0,0,0,0,48096.2,0,0,0,0,0,0,0,0,0,0,0,0,3263994.71,0
2023,Portugal,0,0,0,4664540.11,15796,0,8384478,0,19727.69,0,0,0,0,0,0,0,0,0,0,71842.01999999999,0,0,0,0,0,0,692133.96,0
2024,Portugal,0,0,0,2265888.73,5612,0,3475433.01,0,0,0,0,0,0,34561,0,6944598.17,0,0,0,0,29066,0,0,0,0,0,3248905.59,0
2008,Romania,198546.2,0,0,0,0,0,0,0,0,0,0,246966.15,0,0,0,0,0,0,0,0,0,0,0,0,566421.54,0,0,0
2009,Romania,128065.78,0,0,0,0,0,0,0,0,0,0,155985.55,0,0,0,0,0,0,0,0,0,2082.6,0,0,311746.19,0,0,0
2010,Romania,116090.08,0,0,0,0,0,0,0,0,0,0,257786.23,0,0,0,0,515977.7,0,0,0,0,31529.2,0,0,690082.25,0,0,0
2011,Romania,177268.23,0,0,0,0,0,0,0,0,0,0,1053917.54,0,0,0,0,145588.5,0,0,0,0,45341.44,0,0,2344671.15,0,0,0
2012,Romania,196689.91,0,0,0,0,0,0,50642.39,0,0,0,1707174.32,0,0,0,0,0,0,0,0,0,93450.39,0,0,1369495.7,0,0,0
2013,Romania,133398.5,0,0,0,0,0,0,61125.89,0,0,0,684136.04,0,0,0,0,9863.26,0,0,0,0,61226.17,0,0,879109.88,0,0,0
2014,Romania,134460.82,0,0,0,0,0,0,33617.26,0,0,0,910107.7999999999,0,0,0,0,8343.86,0,0,0,0,4079.6,0,0,1432126.35,0,0,0
2015,Romania,85801,0,0,0,0,0,0,100292,0,0,0,1207261,0,0,0,0,9953,0,0,0,0,3091,0,0,1040078,0,0,0
2016,Romania,206050,0,0,0,0,0,0,131266,0,0,0,1669571,0,0,0,0,0,0,0,0,0,0,482283,0,3957528,0,0,0
2017,Romania,170019,0,0,0,0,0,0,160068,0,0,0,1596278,0,0,0,0,166067,0,0,0,0,0,9667,0,4534108,0,39531,0
2018,Romania,0,0,0,0,0,0,0,136280,0,0,0,0,0,0,3687643,0,24085,0,0,0,0,0,0,0,0,0,59548.6,0
2019,Romania,0,0,253758,0,9293,3842816.16,0,126648,0,0,0,0,0,0,0,0,0,0,0,0,0,0,0,0,0,0,178824.14,0
2020,Romania,0,0,276786.59,0,22397,5087646,0,245813,0,0,0,0,0,0,0,0,0,0,0,0,0,0,0,0,0,0,0,0
2021,Romania,0,0,509754,1524340.09,51694,4340834,1633766,60172,0,0,0,0,0,0,0,0,0,0,0,0,0,0,0,0,0,632700.51,0,0
2022,Romania,0,0,600470,6707982.29,24141,0,1418860,0,0,0,0,0,0,0,0,0,0,0,0,0,0,0,0,0,0,0,0,0
2023,Romania,0,0,949565,7674284.11,53379,0,7274356,0,0,0,0,0,0,0,0,0,0,0,0,0,0,0,0,0,0,0,0,0
2024,Romania,0,0,354536,2853290.85,25265,0,2393756,0,0,0,0,0,0,0,0,5028100.0600000005,0,0,0,37073.36,20424,0,0,0,0,0,0,0
2009,Serbia,0,0,0,0,0,0,0,0,0,0,0,34023.2,0,0,0,0,0,0,0,0,0,0,0,0,0,0,0,0
2010,Serbia,0,0,0,0,0,0,0,0,0,0,0,72538.56999999999,0,0,0,0,0,0,0,0,0,0,0,0,0,0,0,0
2011,Serbia,22697.06,0,0,0,0,0,0,0,0,0,0,111888.9,0,0,0,0,0,0,0,0,0,0,0,0,0,0,0,0
2012,Serbia,4550.57,0,0,0,0,0,0,0,0,0,0,3657.8,0,0,0,0,0,0,0,0,0,0,0,0,0,0,0,0
2013,Serbia,9252.29,0,0,0,0,0,0,0,0,0,0,3571.71,0,0,0,0,5375.68,0,0,0,0,0,0,0,0,0,0,0
2014,Serbia,0,0,0,0,0,0,0,0,0,0,0,11089.48,0,0,0,0,0,0,0,0,0,0,0,0,0,0,0,0
2015,Serbia,14597,0,0,0,0,0,0,0,0,0,0,136465,0,0,0,0,0,0,0,0,0,0,0,0,0,0,0,0
2016,Serbia,0,0,0,0,0,0,0,0,0,0,0,83611,0,0,0,0,0,0,0,0,0,0,7698,0,0,0,0,0
2017,Serbia,0,0,0,0,0,0,0,0,0,0,0,100074,0,0,0,0,0,0,0,0,0,0,0,0,0,0,0,0
2018,Serbia,0,0,0,0,0,0,0,0,0,0,0,0,0,0,99856.68,0,0,0,0,0,0,0,0,0,0,0,0,0
2019,Serbia,0,0,0,0,0,90547.68000000001,0,0,0,0,0,0,0,0,0,0,0,0,0,0,0,0,0,0,0,0,0,0
2020,Serbia,0,0,0,0,0,12504.13,0,0,0,0,0,0,0,0,0,0,0,0,0,0,0,0,0,0,0,0,0,0
2021,Serbia,0,0,0,293281.66,0,3312.72,78683.52,0,0,0,0,0,0,0,0,0,0,0,0,0,0,0,0,0,0,0,0,0
2022,Serbia,0,0,0,415992.46,0,0,0,0,0,0,0,0,0,0,0,0,0,0,0,0,0,0,0,0,0,0,0,0
2023,Serbia,0,0,0,414894.3,0,0,0,0,0,0,0,0,0,0,0,0,0,0,0,0,0,0,0,0,0,0,0,0
2024,Serbia,0,0,0,373615.2,0,0,0,0,0,0,0,0,0,0,0,27241.13,0,0,0,0,0,0,0,0,0,0,0,0
2008,Slovakia,37343.770000000004,0,0,0,0,0,0,0,0,0,0,74659.37,0,0,0,0,0,15862.44,0,0,0,539.84,0,0,0,0,0,0
2009,Slovakia,74091.8,0,0,0,0,0,0,0,0,0,0,473444.01,0,0,0,0,0,0,0,0,0,5787.5,0,0,96566.09,0,0,0
2010,Slovakia,54608.77,0,0,0,0,0,0,0,0,0,0,211956.81,0,0,0,0,96532.87,0,0,0,0,1215.5,0,0,215411.51,0,0,0
2011,Slovakia,94120.67,0,0,0,0,0,0,0,0,0,0,98559.51000000001,0,0,0,0,21583.64,0,0,0,0,479.4,0,0,167876.27,0,0,0
2012,Slovakia,22984.07,0,0,0,0,0,0,5337.95,0,0,0,167912.65000000002,0,0,0,0,0,0,0,0,0,0,0,0,98398.45999999999,0,0,0
2013,Slovakia,35594.619999999995,0,0,0,0,0,0,10792.02,0,0,0,83034.95,0,0,0,0,5245.68,0,0,0,0,10070.84,0,0,82381.44,0,0,0
2014,Slovakia,20859.71,0,0,0,0,0,0,12445.17,0,0,0,68250.03,0,0,0,0,9213.77,0,0,0,0,155,0,0,98008.81,0,0,0
2015,Slovakia,23861,0,0,0,0,0,0,0,0,0,0,61747,0,0,0,0,2109,0,0,0,0,744,0,0,300020,0,0,0
2016,Slovakia,53831,0,0,0,0,0,0,0,0,0,0,390102,0,0,0,0,0,0,0,0,0,0,66796,0,649784,0,0,0
2017,Slovakia,26549,0,0,0,0,0,0,0,0,0,0,68653,0,0,0,0,19181,0,0,0,0,0,238462,0,275183,0,0,0
2018,Slovakia,0,0,0,0,0,0,0,0,0,0,0,0,0,0,999022,0,15002,0,0,0,0,0,0,0,0,0,0,0
2019,Slovakia,0,0,0,0,0,727940,0,0,0,0,0,0,0,0,0,0,0,0,0,0,0,0,0,0,0,0,0,0
2020,Slovakia,0,0,0,0,1453,750099,0,0,0,0,0,0,0,0,0,0,0,0,0,0,0,0,0,0,0,313804,0,0
2021,Slovakia,0,0,0,511273.08,9533,542650,0,0,0,0,0,0,0,0,0,0,0,0,0,0,0,0,0,0,0,13433.34,0,0
2022,Slovakia,0,0,0,1722641.7,78108,0,211089,0,0,0,0,0,0,0,0,0,0,0,0,0,0,0,0,0,0,0,0,0
2023,Slovakia,0,0,0,2354420.84,48628,0,112660,0,0,0,0,0,0,0,0,0,0,0,0,0,0,0,0,0,0,0,0,0
2024,Slovakia,0,0,0,1316051.4,4406,0,0,0,0,0,0,0,0,0,0,268252.38,0,0,0,0,9378,0,0,0,0,0,0,0
2008,Slovenia,18815.45,0,0,0,0,0,0,0,0,0,0,64195.58,0,0,0,0,0,0,0,0,0,0,0,0,5022.94,0,0,0
2009,Slovenia,22866.65,0,0,0,0,0,0,0,0,0,0,107336.36,0,0,0,0,0,0,0,0,0,0,0,0,20636,0,0,0
2010,Slovenia,11279.17,0,0,0,0,0,0,0,0,0,0,167786.36000000002,0,0,0,0,24528.8,0,0,0,0,20057.32,0,0,36130.74,0,0,0
2011,Slovenia,19994.550000000003,0,0,0,0,0,0,0,0,0,0,180609.53,0,0,0,0,9946.04,0,0,0,0,10020.12,0,0,20328.92,0,0,0
2012,Slovenia,6646.8,0,0,0,0,0,0,0,0,0,0,244333.16,0,0,0,0,0,0,0,0,0,15633.009999999998,0,0,25669.86,0,0,0
2013,Slovenia,9188.24,0,0,0,0,0,0,0,0,0,0,163482.63,0,0,0,0,11651.23,0,0,0,0,6246.66,0,0,33242.71,0,0,0
2014,Slovenia,32183.46,0,0,0,0,0,0,0,0,0,0,192057.51,0,0,0,0,6803.06,0,0,0,0,11281.01,0,0,37371.259999999995,0,0,0
2015,Slovenia,22363,0,0,0,0,0,0,0,0,0,0,226145,0,0,0,0,25081,0,0,0,0,0,0,0,46213,0,0,0
2016,Slovenia,27160,0,0,0,0,0,0,0,0,0,0,493900,0,0,0,0,0,0,0,0,0,0,61306,0,94555,0,0,0
2017,Slovenia,48084,0,0,0,0,0,0,0,0,0,0,255355,0,0,0,0,16459,0,0,0,0,0,10576,0,58875,0,0,0
2018,Slovenia,0,0,0,0,0,0,0,0,0,0,0,0,0,0,477953,0,14865,0,0,0,0,0,22282,0,0,0,0,0
2019,Slovenia,0,0,0,0,19530,466429,0,0,0,0,0,0,0,0,0,0,0,0,0,0,0,0,0,0,0,0,0,0
2020,Slovenia,0,0,0,0,12200,519485,0,0,0,0,0,0,0,0,0,0,0,0,0,0,0,0,0,0,0,336048,0,0
2021,Slovenia,0,0,0,641732.52,35195,705471,0,0,0,0,0,0,0,0,0,0,0,0,0,0,0,0,0,0,0,14350.01,0,0
2022,Slovenia,0,0,0,1969037.1099999999,372246,0,0,0,0,0,0,0,0,0,0,0,0,0,0,0,0,0,0,0,0,0,0,0
2023,Slovenia,0,0,0,2380995.73,53390.17,0,0,0,0,0,0,0,0,0,0,0,0,0,0,0,0,0,0,0,0,0,0,0
2024,Slovenia,0,0,0,1046349,5116,0,0,0,0,0,0,0,0,0,0,463256.43,0,0,0,0,7674,0,0,0,0,0,0,0
2008,Spain,256790.12,0,0,0,0,0,0,0,0,0,0,10724.710000000001,0,0,0,0,0,0,0,0,0,1029730,0,0,7028061.24,0,0,0
2009,Spain,239067.94,0,0,0,0,0,0,0,0,0,0,96119.85,0,0,0,0,0,0,0,0,0,708725.4299999999,0,0,7388820.65,0,0,0
2010,Spain,82000.93000000001,0,0,0,0,0,0,0,0,0,0,60252.74,0,0,0,0,84276.01,0,0,0,0,1198676.01,0,0,5746656.12,0,0,0
2011,Spain,248212.55,0,0,0,0,0,0,0,0,0,0,135491.18,0,0,0,0,3375.74,0,0,0,0,2369622.99,0,0,6228351.96,0,0,0
2012,Spain,194725.87,0,0,0,0,0,0,54862.72,0,0,0,159797.29,0,0,0,0,0,0,0,0,0,1540549.49,0,0,4307326.31,0,0,0
2013,Spain,136757.94,0,0,0,0,0,0,52428.03,0,0,0,167203.07,0,0,0,0,12902.06,0,0,0,0,2246786.57,0,0,3708837.41,0,0,0
2014,Spain,85346.16,0,0,0,0,0,0,57569.58,0,0,0,351626.81,0,0,0,0,24527.04,0,0,0,0,1875745,0,0,5493449.21,0,0,0
2015,Spain,116689,0,0,0,0,0,0,163555,0,0,0,471256,0,0,0,0,12738,0,0,0,0,35716,0,0,6081049,0,0,0
2016,Spain,155821,0,0,0,0,0,0,145308,0,0,0,1011159,0,0,0,0,0,0,0,0,0,0,2684431,0,7054558,0,0,0
2017,Spain,157592,0,0,0,0,0,0,153502,0,0,0,935474,0,0,0,0,0,0,0,0,0,0,3385316,0,7597086,0,29215,0
2018,Spain,0,0,0,0,2325203,0,0,149684,0,0,0,0,0,0,8717086,0,0,0,0,0,0,0,1490922,0,0,0,0,0
2019,Spain,0,0,0,0,3899204,7000374.0600000005,0,145343,0,0,0,0,0,0,0,0,0,0,0,0,0,0,0,0,0,0,0,0
2020,Spain,0,0,0,0,1006705.1799999999,6321803.28,0,155566,0,0,0,0,0,0,0,0,0,0,0,104590.8,0,0,0,0,0,1121881,1235213,0
2021,Spain,0,0,0,1916971.5299999998,2625301,6405064,1525814.65,139003,0,0,0,0,0,0,0,0,0,0,0,0,0,0,0,0,0,266900.21,3910759.43,0
2022,Spain,0,0,0,6683786.83,2026883,0,3081210,0,3852.14,0,0,0,0,0,0,0,0,0,0,0,0,0,0,0,0,0,6877162,0
2023,Spain,0,0,0,7273469.58,4119952,0,4919380,0,0,0,0,0,0,0,610726,0,0,0,0,0,0,0,0,0,0,0,0,0
2024,Spain,0,0,0,4306232.84,1833651,0,1190160,0,0,0,0,0,0,0,0,3755716.23,0,0,0,0,1959389,0,0,0,0,0,5067767.25,0
2008,Sweden,40009.6,0,0,0,0,0,0,0,0,0,0,37933.49,0,0,0,0,0,0,0,0,0,143832,0,0,29173.6,0,0,0
2009,Sweden,73404.75,0,0,0,0,0,0,0,0,0,0,0,0,0,0,0,0,0,0,0,0,786216.25,0,0,556228.16,0,0,0
2010,Sweden,0,0,0,0,0,0,0,0,0,0,0,20666.9,0,0,0,0,82136.32,0,0,0,0,1118590.49,0,0,684847.2,0,0,0
2011,Sweden,11348.43,0,0,0,0,0,0,0,0,0,0,69232.74,0,0,0,0,0,0,0,0,0,1087866.93,0,0,55306.81,0,0,0
2012,Sweden,10759.9,0,0,0,0,0,0,0,0,0,0,30386.1,0,0,0,0,0,0,0,0,0,1067344.56,0,0,39603.31,0,0,0
2013,Sweden,30424.690000000002,0,0,0,0,0,0,0,0,0,0,18048.760000000002,0,0,0,0,5489.1,0,0,0,0,698637.77,0,0,54183.73,0,0,0
2014,Sweden,43813.83,0,0,0,0,0,0,10677.53,0,0,0,99936.16,0,0,0,0,3292.39,0,0,0,0,922486.94,0,0,685063.3099999999,0,0,0
2015,Sweden,51844,0,0,0,0,0,0,0,0,0,0,33360,0,0,0,0,0,0,0,0,0,937208,0,0,3862560,0,0,0
2016,Sweden,67311,0,0,0,0,0,0,10889,0,0,0,85910,0,0,0,0,0,0,0,0,0,0,1663293,0,3770952,0,0,0
2017,Sweden,37663,0,0,0,0,0,0,0,0,0,0,48486,0,0,0,0,0,0,0,0,0,0,2958259,0,5972677,0,0,0
2018,Sweden,0,0,0,0,1395679.91,0,0,0,0,0,0,0,0,0,1756068.28,0,0,0,0,0,0,0,957197,0,0,0,0,0
2019,Sweden,0,0,0,0,5905543,1517944,0,0,0,0,0,0,0,0,0,0,0,0,0,0,0,0,0,0,0,0,0,0
2020,Sweden,0,0,0,0,1936752.93,2169081,0,0,0,0,0,0,0,0,0,0,0,0,0,0,0,0,0,0,0,438762,0,0
2021,Sweden,0,0,0,1160962.9300000002,3690339.98,1509731,2676633,20261,0,0,0,0,0,0,0,0,0,0,0,0,0,0,0,0,0,20716.68,0,0
2022,Sweden,0,0,0,2291596.86,2199139.54,0,2171021,0,0,0,0,0,0,0,0,0,0,0,0,0,0,0,0,0,0,0,0,0
2023,Sweden,0,0,0,4503619.93,3971109.13,0,1323397,0,0,0,0,0,0,0,0,0,0,0,0,0,0,0,0,0,0,0,0,0
2024,Sweden,0,0,0,2636520.3600000003,2282389.5,0,572410,0,0,0,0,0,0,0,0,1613770.38,0,0,0,0,2875733,0,0,0,0,0,0,0
2008,Switzerland,16974.18,0,0,0,0,0,0,0,0,0,0,57914.36,0,0,0,0,0,0,0,0,0,35112,0,0,0,0,0,0
2011,Switzerland,98899.51,0,0,0,0,0,0,0,0,0,0,54437.55,0,0,0,0,0,0,0,0,0,102327.17000000001,0,0,76078.51,0,0,0
2012,Switzerland,90165.98,0,0,0,0,0,0,0,0,0,0,124816.99,0,0,0,0,0,0,0,0,0,34899.240000000005,0,0,39060.66,0,0,0
2013,Switzerland,65674.73,0,0,0,0,0,0,0,0,0,0,134998.69,0,0,0,0,0,0,0,0,0,37653.33,0,0,26706.129999999997,0,0,0
2014,Switzerland,59551.770000000004,0,0,0,0,0,0,0,0,0,0,144870.51,0,0,0,0,3412.23,0,0,0,0,142084.73,0,0,51105.340000000004,0,0,0
2015,Switzerland,76358,0,0,0,0,0,0,0,0,0,0,115776,0,0,0,0,11064,0,0,0,0,302859,0,0,35038,0,0,0
2016,Switzerland,110931,0,0,0,0,0,0,0,0,0,0,184050,0,0,0,0,0,0,0,0,0,0,1542454,0,75359,0,0,0
2017,Switzerland,65832,0,0,0,0,0,0,0,0,0,0,147750,0,0,0,0,18410,0,0,0,0,0,1476961,0,97980,0,0,0
2018,Switzerland,0,0,0,0,871527,0,0,0,0,0,0,0,0,0,373798,0,10409,0,0,0,0,0,1164353.5,0,0,0,0,0
2019,Switzerland,0,0,0,0,1173317,365273.5,0,0,0,0,0,0,0,0,0,0,0,0,0,0,0,0,0,0,0,0,0,0
2020,Switzerland,0,0,0,0,48756.97,374175,0,0,0,0,0,0,0,0,0,0,0,0,0,0,0,0,0,0,0,0,0,0
2021,Switzerland,0,0,0,728287.4199999999,487515,521815,0,0,0,0,0,0,0,0,0,0,0,0,0,0,0,0,0,0,0,0,0,0
2022,Switzerland,0,0,0,1606241.02,406281,0,0,0,0,0,0,0,0,0,0,0,0,0,0,0,0,0,0,0,0,0,0,0
2023,Switzerland,0,0,0,2026723.77,336559,0,0,0,0,0,0,0,0,0,0,0,0,0,0,0,0,0,0,0,0,0,0,0
2024,Switzerland,0,0,0,1683156.26,3928,0,0,0,0,0,0,0,0,0,0,620014.46,0,0,0,0,509338,0,0,0,0,0,0,0
2008,Turkey,0,0,0,0,0,0,0,0,0,0,0,83525.5,0,0,0,0,0,0,0,0,0,0,0,0,0,0,0,0
2011,Turkey,5710.24,0,0,0,0,0,0,0,0,0,0,0,0,0,0,0,0,0,0,0,0,0,0,0,0,0,0,0
2013,Turkey,12198,0,0,0,0,0,0,0,0,0,0,0,0,0,0,0,0,0,0,0,0,0,0,0,0,0,0,0
2014,Turkey,11331.3,0,0,0,0,0,0,0,0,0,0,0,0,0,0,0,0,0,0,0,0,0,0,0,1597,0,0,0
2015,Turkey,26896,0,0,0,0,0,0,0,0,0,0,0,0,0,0,0,0,0,0,0,0,0,0,0,0,0,0,0
2016,Turkey,74713,0,0,0,0,0,0,0,0,0,0,0,0,0,0,0,0,0,0,0,0,0,0,0,0,0,0,0
2018,Turkey,0,0,0,0,0,0,0,0,0,0,0,0,0,0,13401.75,0,0,0,0,0,0,0,0,0,0,0,0,0
2019,Turkey,0,0,0,0,0,30757.15,0,0,0,0,0,0,0,0,0,0,0,0,0,0,0,0,0,0,0,0,0,0
2008,Ukraine,0,0,0,0,0,0,0,0,0,0,0,18496.21,0,0,0,0,0,0,0,0,0,0,0,0,29727,0,0,0
2009,Ukraine,0,0,0,0,0,0,0,0,0,0,0,41563.92,0,0,0,0,0,0,0,0,0,0,0,0,0,0,0,0
2010,Ukraine,0,0,0,0,0,0,0,0,0,0,0,79153.31,0,0,0,0,0,0,0,0,0,0,0,0,11407,0,0,0
2011,Ukraine,0,0,0,0,0,0,0,0,0,0,0,20464,0,0,0,0,0,0,0,0,0,0,0,0,21732.48,0,0,0
2012,Ukraine,57891.71,0,0,0,0,0,0,0,0,0,0,24962.94,0,0,0,0,0,0,0,0,0,0,0,0,16979.18,0,0,0
2013,Ukraine,17266.59,0,0,0,0,0,0,0,0,0,0,6545.19,0,0,0,0,0,0,0,0,0,0,0,0,5771.4,0,0,0
2014,Ukraine,10251.67,0,0,0,0,0,0,0,0,0,0,6148.22,0,0,0,0,0,0,0,0,0,0,0,0,0,0,0,0
2015,Ukraine,16191,0,0,0,0,0,0,0,0,0,0,13666,0,0,0,0,0,0,0,0,0,0,0,0,2452,0,0,0
2016,Ukraine,50566,0,0,0,0,0,0,0,0,0,0,41632,0,0,0,0,0,0,0,0,0,0,0,0,11664,0,0,0
2017,Ukraine,28328,0,0,0,0,0,0,0,0,0,0,119622,0,0,0,0,0,0,0,0,0,0,2768,0,41788,0,0,0
2018,Ukraine,0,0,0,0,0,0,0,0,0,0,0,0,0,0,167476.02,0,0,0,0,0,0,0,0,0,0,0,0,0
2019,Ukraine,0,0,0,0,5189.5,156793.52,0,0,0,0,0,0,0,0,0,0,0,0,0,0,0,0,0,0,0,0,0,0
2021,Ukraine,0,0,0,17396.059999999998,0,129372.63,0,0,0,0,0,0,0,0,0,0,0,0,0,0,0,0,0,0,0,0,0,0
2022,Ukraine,0,0,0,38028.87,0,0,0,0,0,0,0,0,0,0,0,0,0,0,0,0,0,0,0,0,0,0,0,0
2023,Ukraine,0,0,0,92160.17,0,0,0,0,0,12000000,0,0,0,0,0,0,0,0,0,0,0,0,0,0,0,0,0,0
2008,United Kingdom,131536.99,0,0,0,0,0,0,0,0,0,0,28075.010000000002,0,0,0,0,0,0,0,0,0,111481,0,14387.84,62135.5,0,0,0
2009,United Kingdom,83138.05,0,0,0,0,0,0,0,0,0,0,5484.63,0,0,0,0,0,0,0,0,0,0,0,24488.64,82968.31,0,0,0
2010,United Kingdom,18068.85,0,0,0,0,0,0,0,0,0,0,10095.81,0,0,0,0,0,0,0,0,0,1042573.76,0,0,99975.9,0,0,0
2011,United Kingdom,20403.57,0,0,0,0,0,0,0,0,0,0,43181.159999999996,0,0,0,0,0,0,0,0,0,490252.19,0,0,11448,0,0,0
2012,United Kingdom,4575.37,0,0,0,0,0,0,0,0,0,0,54158.28,0,0,0,0,0,0,0,0,0,29578.71,0,0,53363.09,0,0,0
2013,United Kingdom,13458.460000000001,0,0,0,0,0,0,0,0,0,0,83805.92,0,0,0,0,0,0,0,0,0,348623.91,0,0,69999.13,0,0,0
2014,United Kingdom,8166.24,0,0,0,0,0,0,0,0,0,0,4920.93,0,0,0,0,0,0,0,0,0,241613.4,0,0,47442.08,0,0,0
2015,United Kingdom,44542,0,0,0,0,0,0,0,0,0,0,13441,0,0,0,0,0,0,0,0,0,218042,0,0,112965,0,0,0
