year,country,European Centre for Returns,Flexible Operational Activities,Human Resources,Other,Poseidon,Post-Return Assistance,Return Operations,Technical Equipment,Technical Equipment & Human Resources,Triton,Aeneas,Alexis,Attica,Black Sea 2022,Eurocup,FIELDS database,FIMO Deployment,Financial Support (Cat. 2) Task Force Deployment Management,Focal Points (Air),Focal Points (Land),Hammer,Hera,Hermes,Hubble,Indalo,International and European Cooperation Division,Jupiter,Maritime Operational Activities,Mixed crew proof of concept,Montenegro 2021,Multipurpose Operational Activities (Air),Multipurpose Operational Activities (Land),Multipurpose Operational Activities LAND,Nautilus,Neptune,Other joint operations,Return Support Unit,Rex 2014,Training Unit,Trainings standing corps
2008,All countries,0,0,0,26302268.96,8153391.23,0,2550051.02,0,0,0,0,0,0,0,0,0,0,0,0,0,0,0,0,0,0,0,0,0,0,0,0,0,0,0,0,0,0,0,0,0
2009,All countries,0,0,0,26839465.28,12139448.02,0,5076819.54,0,0,0,0,0,0,0,0,0,0,0,0,0,0,0,0,0,0,0,0,0,0,0,0,0,0,0,0,0,0,0,0,0
2010,All countries,0,0,0,28213951.95,16457042.469999999,0,8054203.86,0,0,0,0,0,0,0,0,0,0,0,0,0,0,0,0,0,0,0,0,0,0,0,0,0,0,0,0,0,0,0,0,0
2011,All countries,0,0,0,44322124.76,19655329.64,0,9521371.31,0,0,0,0,0,0,0,0,0,0,0,0,0,0,0,0,0,0,0,0,0,0,0,0,0,0,0,0,0,0,0,0,0
2012,All countries,0,0,0,26753752.93,18133186.7,0,8194110.399999999,0,0,0,0,0,0,0,0,0,0,0,0,0,0,0,0,0,0,0,0,0,0,0,0,0,0,0,0,0,0,0,0,0
2013,All countries,0,0,0,24396408.68,9467471.8,0,7080617.64,0,0,0,0,0,0,0,0,0,0,0,0,0,0,0,0,0,0,0,0,0,0,0,0,0,0,0,0,0,0,0,0,0
2014,All countries,0,662334.49,0,23157230.529999997,10452104.959999999,0,7172476.03,1538.39,0,9289497.82,0,0,0,0,0,0,0,0,0,0,0,0,0,0,0,0,0,0,0,0,0,0,0,0,0,0,0,0,0,0
2015,All countries,0,7065644,0,15013651,21611894,0,8854554,0,0,38106980,0,0,0,0,0,0,0,0,0,0,0,0,0,0,0,0,0,0,0,0,0,0,0,0,0,0,0,0,0,0
2016,All countries,0,9106903,0,17496183,67472122,0,32272941,12000,0,46361884,0,0,0,0,0,0,0,0,0,0,0,0,0,0,0,0,0,0,0,0,0,0,0,0,0,0,0,0,0,0
2017,All countries,0,11536286,0,27160263,63677722,0,46338915,0,0,45810000,0,0,0,0,0,0,0,0,0,0,0,0,0,0,0,0,0,0,0,0,0,0,0,0,0,0,0,0,0,0
2018,All countries,1531470.85,29822784.08,58046651.62,11099063.39,71549.82,0,16955829.35,61503320,0,12743.7,0,0,0,0,0,0,0,0,0,0,0,0,0,0,0,0,0,0,0,0,0,0,0,0,0,0,0,0,0,0
2019,All countries,825115.91,56820665.08,57709408.91,3516169.35,0,0,0,60469512.6,299458,0,0,0,0,0,0,0,0,0,0,0,0,0,0,0,0,0,0,0,0,0,0,0,0,0,0,0,0,0,0,0
2020,All countries,28365126.65,220744.02,8252525.21,19711111.28,0,0,0,17259087.5,80030847.8,0,0,0,0,0,0,0,0,0,0,0,0,0,0,0,0,0,0,0,0,0,0,0,0,0,0,0,0,0,0,0
2021,All countries,44322065.15,1345437.61,42106460.45,9028305.74,0,0,0,63688884.5,50169112.73,0,0,0,0,0,0,0,0,0,0,0,0,0,0,0,0,0,0,0,0,0,0,0,0,0,0,0,0,0,0,0
2022,All countries,44015553.03,1333234.99,48930959.46,15831371.790000001,0,4591952,0,70646003,57179645.06,0,0,0,0,0,0,0,0,0,0,0,0,0,0,0,0,0,0,0,0,0,0,0,0,0,0,0,0,0,0,0
2023,All countries,50982350.99,314590.5,64084166.59,20469946.44,0,18119130,0,75996299.85,70244956,0,0,0,0,0,0,0,0,0,0,0,0,0,0,0,0,0,0,0,0,0,0,0,0,0,0,0,0,0,0,0
2024,All countries,49953251.64,0,70468889.35,14685428.35,0,30917497,0,51530271.67,67774483.13,0,0,0,0,0,0,0,0,0,0,0,0,0,0,0,0,0,0,0,0,0,0,0,0,0,0,0,0,0,0,0
2009,Albania,0,0,0,33896.21,0,0,0,0,0,0,0,0,0,0,0,0,0,0,0,0,0,0,0,0,0,0,0,0,0,0,0,0,0,0,0,0,0,0,0,0
2010,Albania,0,0,0,65460.689999999995,0,0,0,0,0,0,0,0,0,0,0,0,0,0,0,0,0,0,0,0,0,0,0,0,0,0,0,0,0,0,0,0,0,0,0,0
2011,Albania,0,0,0,21617.54,0,0,0,0,0,0,0,0,0,0,0,0,0,0,0,0,0,0,0,0,0,0,0,0,0,0,0,0,0,0,0,6658.11,0,0,0,0
2012,Albania,0,0,0,32686.1,0,0,0,0,0,0,0,0,0,0,0,0,0,0,0,0,0,0,0,0,0,0,0,0,0,0,0,0,0,0,0,0,0,0,0,0
2013,Albania,0,0,0,11486.26,0,0,0,0,0,0,0,0,0,0,0,0,0,0,6093.65,0,0,0,0,0,0,0,0,0,0,0,0,0,0,0,0,10836.96,0,0,0,0
2014,Albania,0,12632.42,0,33203.57,0,0,0,0,0,0,0,0,0,0,0,0,0,0,11086.27,0,0,0,0,0,0,0,0,0,0,0,0,0,0,0,0,0,0,0,0,0
2015,Albania,0,0,0,36128,0,0,0,0,0,0,0,0,0,0,0,0,0,0,8182,0,0,0,0,0,0,0,0,0,0,0,0,0,0,0,0,0,0,0,0,0
2016,Albania,0,5055,0,104246,0,0,0,0,0,0,0,0,0,0,0,0,0,0,14754,0,0,0,0,0,0,0,0,0,0,0,0,0,0,0,0,0,0,0,0,0
2017,Albania,0,5833,0,124053,0,0,0,0,0,0,0,0,0,0,0,0,0,0,79525,0,0,0,0,0,0,0,0,0,0,0,0,0,0,0,0,0,0,0,0,0
2018,Albania,41558.8,0,105766.29,29318,0,0,0,0,0,0,0,0,0,0,0,0,0,0,0,0,0,0,0,0,0,0,0,0,0,0,0,0,0,0,0,0,0,0,0,0
2019,Albania,22598.4,64028.8,883385.95,0,0,0,0,0,0,0,0,0,0,0,0,0,0,0,0,0,0,0,0,0,0,0,0,0,0,0,0,0,0,0,0,0,0,0,0,0
2020,Albania,62274,11556,736797.88,0,0,0,0,0,306168.11,0,0,0,0,0,0,0,0,0,0,0,0,0,0,0,0,0,0,0,0,0,0,0,0,0,0,0,0,0,0,0
2021,Albania,95058.8,1326363.79,0,0,0,0,0,0,0,0,0,0,0,0,0,0,0,0,36786.6,0,0,0,0,0,0,0,0,0,0,0,0,0,0,0,0,0,0,0,0,0
2022,Albania,119069.59999999999,1298421.99,0,0,0,0,0,0,0,0,0,0,0,0,0,0,0,0,70294.72,0,0,0,0,0,0,0,0,0,0,0,0,0,0,0,0,20316.09,0,0,0,0
2023,Albania,38819.6,314590.5,0,8373.82,0,0,0,0,0,0,0,0,0,0,0,0,0,0,18455.36,0,0,0,0,0,0,0,0,0,0,0,0,0,0,0,0,1181998.98,0,0,0,0
2024,Albania,15579.2,0,0,0,0,0,0,0,0,0,0,0,0,0,0,0,0,0,0,0,0,0,0,0,0,0,0,0,0,0,0,0,0,0,0,1515244.5,0,0,0,0
2008,Austria,0,0,0,487187.17000000004,21470,0,440545,0,0,0,0,0,0,0,0,0,0,0,0,297663.82,0,0,0,0,0,0,0,0,0,0,0,0,0,0,0,0,0,0,0,0
2009,Austria,0,0,0,592357.29,240958,0,1367376.16,0,0,0,0,0,0,0,0,0,0,0,0,593910.33,0,0,0,0,0,0,0,0,0,0,0,0,0,0,0,0,0,0,0,0
2010,Austria,0,0,0,1065315.17,760981.59,0,1530195.39,0,0,0,0,0,0,0,0,0,0,0,0,936425.92,0,0,0,0,0,0,0,0,0,0,0,0,0,0,0,0,0,0,0,0
2011,Austria,0,0,0,362840.07,393083.39,0,1495194.6600000001,0,0,0,0,0,0,0,0,0,0,0,0,1326092.79,0,0,0,0,0,0,0,0,0,0,0,0,0,0,0,0,0,0,0,0
2012,Austria,0,0,0,337082.74,556283.0700000001,0,1846120.2,0,0,0,0,0,0,0,0,0,0,0,0,891578.87,0,0,0,0,0,0,0,0,0,0,0,0,0,0,0,0,0,0,0,0
2013,Austria,0,0,0,299807.64,305514.14999999997,0,720402.8,0,0,0,0,0,0,0,0,0,0,0,0,1012456.42,0,0,0,0,0,0,0,0,0,0,0,0,0,0,0,0,0,0,0,0
2014,Austria,0,56763.5,0,242008.71000000002,254779.74,0,597828.94,0,0,35480.13,0,0,0,0,0,0,0,0,0,879686.27,0,0,0,0,0,0,0,0,0,0,0,0,0,0,0,0,0,0,0,0
2015,Austria,0,408364,0,183055,490294,0,1581207,0,0,40318,0,0,0,0,0,0,0,0,0,770554,0,0,0,0,0,0,0,0,0,0,0,0,0,0,0,0,0,0,0,0
2016,Austria,0,831670,0,215959,639858,0,4225906,0,0,402861,0,0,0,0,0,0,0,0,0,435218,0,0,0,0,0,0,0,0,0,0,0,0,0,0,0,0,468179,0,0,0
2017,Austria,0,1181208,0,264973,470045,0,6184479,0,0,555688,0,0,0,0,0,0,0,0,0,397094,0,0,0,0,0,0,0,0,0,0,0,0,0,0,0,0,608823,0,0,0
2018,Austria,1464,3355711,2571339,68181,0,0,3030526,0,0,0,0,0,0,0,0,0,0,0,0,0,0,0,0,0,0,0,0,0,0,0,0,0,0,0,0,0,1864248.54,0,0,0
2019,Austria,420543.52,7502790,2653756,26677,0,0,0,0,0,0,0,0,0,0,0,0,0,0,0,0,0,0,0,0,0,0,0,0,0,0,0,0,0,0,0,0,0,0,0,0
2020,Austria,1844572.92,0,0,406696,0,0,0,0,3088412.2,0,0,0,0,0,0,0,0,0,0,0,0,0,0,0,0,0,0,0,0,0,0,0,0,0,0,0,0,0,0,0
2021,Austria,1165979,0,1287248.03,0,0,0,0,0,1829266,0,0,0,0,0,0,0,0,0,0,0,0,0,0,0,0,0,0,0,0,0,0,0,0,0,0,0,0,0,0,0
2022,Austria,498271,0,1721028.71,0,0,0,0,0,2615753,0,0,0,0,0,0,0,0,0,0,0,0,0,0,0,0,0,0,0,0,0,0,0,0,0,0,0,0,0,0,0
2023,Austria,1415400,0,2241048.02,105148,0,0,0,0,3363108,0,0,0,0,0,0,0,0,0,0,0,0,0,0,0,0,0,0,0,0,0,0,0,0,0,0,0,0,0,0,0
2024,Austria,1127184,0,2676974.53,0,0,0,0,0,3232189,0,0,0,0,0,0,0,0,0,0,0,0,0,0,0,0,0,0,0,0,0,0,0,0,0,0,0,0,0,0,0
2010,Belarus,0,0,0,0,0,0,0,0,0,0,0,0,0,0,0,0,0,0,0,5557.65,0,0,0,0,0,0,0,0,0,0,0,0,0,0,0,0,0,0,0,0
2011,Belarus,0,0,0,0,0,0,0,0,0,0,0,0,0,0,0,0,0,0,13398.9,0,0,0,0,0,0,0,9338.75,0,0,0,0,0,0,0,0,0,0,0,0,0
2015,Belarus,0,0,0,0,0,0,0,0,0,0,0,0,0,0,0,0,0,0,4241,8945,0,0,0,0,0,0,0,0,0,0,0,0,0,0,0,0,0,0,0,0
2016,Belarus,0,0,0,0,0,0,0,0,0,0,0,0,0,0,0,0,0,0,11336,34893,0,0,0,0,0,0,0,0,0,0,0,0,0,0,0,0,0,0,0,0
2018,Belarus,0,0,4060.65,0,0,0,0,0,0,0,0,0,0,0,0,0,0,0,0,0,0,0,0,0,0,0,0,0,0,0,0,0,0,0,0,0,0,0,0,0
2019,Belarus,0,0,21820.510000000002,0,0,0,0,0,0,0,0,0,0,0,0,0,0,0,0,0,0,0,0,0,0,0,0,0,0,0,0,0,0,0,0,0,0,0,0,0
2008,Belgium,0,0,0,117532.17,0,0,0,0,0,0,0,0,0,0,0,0,0,0,0,0,0,0,0,0,0,0,0,0,0,0,0,0,0,0,0,0,0,0,0,0
2009,Belgium,0,0,0,165665.47,0,0,19775.010000000002,0,0,0,0,0,0,0,0,0,0,0,0,0,0,0,0,0,0,0,0,0,0,0,0,0,0,0,0,0,0,0,0,0
2010,Belgium,0,0,0,235973.25,0,0,1439.52,0,0,0,0,0,0,0,0,0,0,0,0,0,0,0,0,0,0,0,0,0,0,0,0,0,0,0,0,0,0,0,0,0
2011,Belgium,0,0,0,281597.87,0,0,9522.199999999999,0,0,0,0,0,0,0,0,0,0,0,0,0,0,0,0,0,0,0,0,0,0,0,0,0,0,0,0,0,0,0,0,0
2012,Belgium,0,0,0,169545.9,0,0,1502.01,0,0,0,0,0,0,0,0,0,0,0,0,0,0,0,0,0,0,0,0,0,0,0,0,0,0,0,0,0,0,0,0,0
2013,Belgium,0,0,0,197215.01,0,0,0,0,0,0,0,0,0,0,0,0,0,0,0,0,0,0,0,0,0,0,0,0,0,0,0,0,0,0,0,0,0,0,0,0
2014,Belgium,0,0,0,207589.36000000002,0,0,0,0,0,8937.71,0,0,0,0,0,0,0,0,0,0,0,0,0,0,0,0,0,0,0,0,0,0,0,0,0,0,0,0,0,0
2015,Belgium,0,0,0,151748,0,0,138886,0,0,1532806,0,0,0,0,0,0,0,0,0,0,0,0,0,0,0,0,0,0,0,0,0,0,0,0,0,0,0,0,0,0
2016,Belgium,0,7088,0,166618,0,0,717654,0,0,49947,0,0,0,0,0,0,0,0,0,0,0,0,0,0,0,0,0,0,0,0,0,0,0,0,0,0,0,0,0,0
2017,Belgium,0,8318,0,235556,0,0,3870803,0,0,130325,0,0,0,0,0,0,0,0,0,0,0,0,0,0,0,0,0,0,0,0,0,0,0,0,0,0,0,0,0,0
2018,Belgium,0,1394194.02,0,1741709,0,0,0,0,0,0,0,0,0,0,0,0,0,0,0,0,0,0,0,0,0,0,0,0,0,0,0,0,0,0,0,0,0,0,0,0
2019,Belgium,0,1124810,0,824395,0,0,0,0,0,0,0,0,0,0,0,0,0,0,0,0,0,0,0,0,0,0,0,0,0,0,0,0,0,0,0,0,0,0,0,0
2020,Belgium,0,0,0,985795.28,0,0,0,0,0,0,0,0,0,0,0,0,0,0,0,0,0,0,0,0,0,0,0,0,0,0,0,0,0,0,0,0,0,0,0,0
2021,Belgium,0,0,0,1458932.8199999998,0,0,0,0,0,0,0,0,0,0,0,0,0,0,0,0,0,0,0,0,0,0,0,0,0,0,0,0,0,0,0,0,0,0,0,0
2022,Belgium,0,0,0,1879599.99,0,2562445,0,0,0,0,0,0,0,0,0,0,0,0,0,0,0,0,0,0,0,0,0,0,0,0,0,0,0,0,0,0,0,0,0,0
2023,Belgium,0,0,0,2474322.94,0,12026850,0,0,0,0,0,0,0,0,0,0,0,0,0,0,0,0,0,0,0,0,0,0,0,0,0,0,0,0,0,0,0,0,0,0
2024,Belgium,0,0,0,2452165.98,0,24350619,0,0,0,0,0,0,0,0,0,0,0,0,0,0,0,0,0,0,0,0,0,0,0,0,0,0,0,0,0,0,0,0,0,0
2011,Bosnia and Herzegovina,0,0,0,0,0,0,0,0,0,0,0,0,0,0,0,0,0,0,0,0,0,0,0,0,0,0,0,0,0,0,0,0,0,0,4120.28,0,0,0,0,0
2012,Bosnia and Herzegovina,0,0,0,0,0,0,0,0,0,0,0,0,0,0,0,0,0,0,0,0,0,0,0,0,0,0,0,0,0,0,0,0,0,0,4300,0,0,0,0,0
2013,Bosnia and Herzegovina,0,0,0,0,0,0,0,0,0,0,0,0,0,0,0,0,0,0,5810.1,0,0,0,0,0,0,0,0,0,0,0,0,0,0,0,5210.9,2735.99,0,0,0,0
2014,Bosnia and Herzegovina,0,5285,0,0,0,0,0,0,0,0,0,6927.18,0,0,0,0,0,0,4499.35,5398,0,0,0,0,0,0,0,0,0,0,0,0,0,0,0,0,0,2989.58,0,0
2015,Bosnia and Herzegovina,0,0,0,0,0,0,0,0,0,0,0,0,0,0,0,0,0,0,4655,4665,0,0,0,0,0,0,0,0,0,0,0,0,0,0,0,0,0,0,0,0
2016,Bosnia and Herzegovina,0,5078,0,0,0,0,0,0,0,0,0,0,0,0,0,0,0,0,5665,5714,0,0,0,0,0,0,0,0,0,0,0,0,0,0,0,0,0,0,0,0
2017,Bosnia and Herzegovina,0,0,0,0,0,0,0,0,0,0,0,0,0,0,0,0,0,0,4713,5297,0,0,0,0,0,0,0,0,0,0,0,0,0,0,0,0,0,0,0,0
2018,Bosnia and Herzegovina,0,0,8750.46,0,0,0,0,0,0,0,0,0,0,0,0,0,0,0,0,0,0,0,0,0,0,0,0,0,0,0,0,0,0,0,0,0,0,0,0,0
2019,Bosnia and Herzegovina,0,0,29125.4,0,0,0,0,0,0,0,0,0,0,0,0,0,0,0,0,0,0,0,0,0,0,0,0,0,0,0,0,0,0,0,0,0,0,0,0,0
2021,Bosnia and Herzegovina,0,0,0,0,0,0,0,0,0,0,0,0,0,0,0,0,0,0,6319.42,7335.92,0,0,0,0,0,0,0,0,0,0,0,0,0,0,0,0,0,0,0,0
2022,Bosnia and Herzegovina,0,0,0,0,0,0,0,0,0,0,0,0,0,0,0,0,0,0,6319.42,0,0,0,0,0,0,0,0,0,0,0,0,0,0,0,0,0,0,0,0,0
2023,Bosnia and Herzegovina,0,0,0,0,0,0,0,0,0,0,0,0,0,0,0,0,0,0,7704,0,0,0,0,0,0,0,0,0,0,0,0,0,0,0,0,0,0,0,0,0
2008,Bulgaria,0,0,0,53173.76,37880.09,0,0,0,0,0,0,0,0,0,0,0,0,0,0,0,0,0,0,0,0,0,0,0,0,0,0,0,0,0,0,0,0,0,0,0
2009,Bulgaria,0,0,0,154305.25,8245.95,0,0,0,0,0,0,0,0,0,0,0,0,0,0,9975.5,0,0,0,0,0,0,0,0,0,0,0,0,0,0,0,0,0,0,0,0
2010,Bulgaria,0,0,0,160076.57,145516.68,0,0,0,0,0,0,0,0,0,0,0,0,0,0,45827.94,0,0,0,0,0,0,0,0,0,0,0,0,0,0,0,0,0,0,0,0
2011,Bulgaria,0,0,0,81707.51,323623.92,0,0,0,0,0,0,0,0,0,0,0,0,0,0,39430.85,0,0,0,0,0,0,0,0,0,0,0,0,0,0,0,0,0,0,0,0
2012,Bulgaria,0,0,0,117794.64,323247.15,0,0,0,0,0,0,0,0,0,0,0,0,0,0,69423.27,0,0,0,0,0,0,0,0,0,0,0,0,0,0,0,0,0,0,0,0
2013,Bulgaria,0,0,0,125473.9,246712.24,0,0,0,0,0,0,0,0,0,0,0,0,0,0,77742.12,0,0,0,0,0,0,0,0,0,0,0,0,0,0,0,0,0,0,0,0
2014,Bulgaria,0,26110.14,0,102046.47,235775.59,0,0,1538.39,0,0,0,0,0,0,0,0,0,0,0,228220.3,0,0,0,0,0,0,0,0,0,0,0,0,0,0,0,0,0,0,0,0
2015,Bulgaria,0,211057,0,215627,90419,0,0,0,0,0,0,0,0,0,0,0,0,0,0,92562,0,0,0,0,0,0,0,0,0,0,0,0,0,0,0,0,0,0,0,0
2016,Bulgaria,0,261485,0,164318,2242808,0,0,0,0,0,0,0,0,0,0,0,0,0,0,25516,0,0,0,0,0,0,0,0,0,0,0,0,0,0,0,0,0,0,0,0
2017,Bulgaria,0,375450,0,287438,3075818,0,0,0,0,0,0,0,0,0,0,0,0,0,0,46502,0,0,0,0,0,0,0,0,0,0,0,0,0,0,0,0,0,0,0,0
2018,Bulgaria,0,12905,904389,81877.11,0,0,0,1208265,0,0,0,0,0,0,0,0,0,0,0,0,0,0,0,0,0,0,0,0,0,0,0,0,0,0,0,0,0,0,0,0
2019,Bulgaria,0,125170,482606,32739,0,0,0,1152919,0,0,0,0,0,0,0,0,0,0,0,0,0,0,0,0,0,0,0,0,0,0,0,0,0,0,0,0,0,0,0,0
2020,Bulgaria,0,0,0,82441,0,0,0,846330,1168277,0,0,0,0,0,0,0,0,0,0,0,0,0,0,0,0,0,0,0,0,0,0,0,0,0,0,0,0,0,0,0
2021,Bulgaria,0,0,827600.46,70649,0,0,0,1429442,790314,0,0,0,0,0,0,0,0,0,0,0,0,0,0,0,0,0,0,0,0,0,0,0,0,0,0,0,0,0,0,0
2022,Bulgaria,0,0,478249.47000000003,10283,0,0,0,1231849,921319,0,0,0,0,512556,0,0,0,0,0,0,0,0,0,0,0,0,0,0,0,0,0,0,0,0,0,0,0,0,0,0
2023,Bulgaria,0,0,854537.23,8573,0,0,0,1413088,1173557,0,0,0,0,0,0,0,0,0,0,0,0,0,0,0,0,0,0,0,0,0,0,0,0,0,0,0,0,0,0,0
2024,Bulgaria,0,0,1367885.67,20016,0,0,0,2127904,975958,0,0,0,0,0,0,0,0,0,0,0,0,0,0,0,0,0,0,0,0,0,0,0,0,0,0,0,0,0,0,0
2014,Cape Verde,0,0,0,0,0,0,0,0,0,0,0,0,0,0,0,0,0,0,1914.88,0,0,0,0,0,0,0,0,0,0,0,0,0,0,0,0,0,0,0,0,0
2015,Cape Verde,0,0,0,0,0,0,0,0,0,0,0,0,0,0,0,0,0,0,2604,0,0,0,0,0,0,0,0,0,0,0,0,0,0,0,0,0,0,0,0,0
2016,Cape Verde,0,0,0,0,0,0,0,0,0,0,0,0,0,0,0,0,0,0,2622,0,0,0,0,0,0,0,0,0,0,0,0,0,0,0,0,0,0,0,0,0
2008,Croatia,0,0,0,0,0,0,0,0,0,0,0,0,0,0,166680,0,0,0,0,0,0,0,0,0,0,0,0,0,0,0,0,0,0,0,0,0,0,0,0,0
2009,Croatia,0,0,0,37104.8,0,0,0,0,0,0,0,0,0,0,0,0,0,0,0,0,0,0,0,0,0,0,0,0,0,0,0,0,0,0,0,0,0,0,0,0
2010,Croatia,0,0,0,50138.46,0,0,0,0,0,0,0,0,0,0,0,0,0,0,0,0,0,0,0,0,0,0,0,0,0,0,0,0,0,0,0,0,0,0,0,0
2011,Croatia,0,0,0,14844.119999999999,3285.22,0,0,0,0,0,0,0,0,0,0,0,0,0,0,0,0,0,0,0,0,0,0,0,0,0,0,0,0,0,0,0,0,0,0,0
2012,Croatia,0,0,0,25025.44,4740,0,0,0,0,0,0,0,0,0,8527,0,0,0,0,0,0,0,0,0,0,0,0,0,0,0,0,0,0,0,0,0,0,0,0,0
2013,Croatia,0,0,0,64013.93,5452.33,0,0,0,0,0,0,0,0,0,0,0,0,0,0,0,0,0,0,0,0,0,0,0,0,0,0,0,0,0,0,0,0,0,0,0
2014,Croatia,0,8622.06,0,82410.48,13342.2,0,0,0,0,0,0,0,0,0,0,0,0,0,0,0,0,0,0,0,0,0,0,0,0,0,0,0,0,0,0,0,0,0,0,0
2015,Croatia,0,20948,0,65010,1038372,0,0,0,0,1293639,0,0,0,0,0,0,0,0,0,0,0,0,0,0,0,0,0,0,0,0,0,0,0,0,0,0,0,0,0,0
2016,Croatia,0,59293,0,169316,634239,0,0,0,0,0,0,0,0,0,16221,0,0,0,0,0,0,0,0,0,0,0,0,0,0,0,0,0,0,0,0,0,0,0,0,0
2017,Croatia,0,180843,0,66830,1099570,0,0,0,0,0,0,0,0,0,0,0,0,0,0,0,0,0,0,0,0,0,0,0,0,0,0,0,0,0,0,0,0,0,0,0
2018,Croatia,7424,0,460898,40381,0,0,0,728716,0,0,0,0,0,0,0,0,0,0,0,0,0,0,0,0,0,0,0,0,0,0,0,0,0,0,0,0,0,0,0,0
2019,Croatia,0,10227,517348,196062,0,0,0,704038.1699999999,8020,0,0,0,0,0,0,0,0,0,0,0,0,0,0,0,0,0,0,0,0,0,0,0,0,0,0,0,0,0,0,0
2020,Croatia,0,0,0,84655,0,0,0,999657,560461,0,0,0,0,0,0,0,0,0,0,0,0,0,0,0,0,0,0,0,0,0,0,0,0,0,0,0,0,0,0,0
2021,Croatia,32726,0,1641977.8699999999,0,0,0,0,731169,64439,0,0,0,0,0,0,0,0,0,0,0,0,0,0,0,0,0,0,0,0,0,0,0,0,0,0,0,0,0,0,0
2022,Croatia,0,0,1448414.8900000001,0,0,0,0,380184,1184260,0,0,0,0,0,0,0,0,0,0,0,0,0,0,0,0,0,0,0,0,0,0,0,0,0,0,0,0,0,0,0
2023,Croatia,6463,0,516418.70999999996,122787.51,0,0,0,123052,1381959,0,0,0,0,0,0,0,0,0,0,0,0,0,0,0,0,0,0,0,0,0,0,0,0,0,0,0,0,0,0,0
2024,Croatia,201677,0,404053.91000000003,0,0,0,0,59897,1014070,0,0,0,0,0,0,173979.46,0,0,0,0,0,0,0,0,0,0,0,0,0,0,0,0,0,0,0,0,0,0,0,0
2008,Cyprus,0,0,0,26011.21,6811.97,0,0,0,0,0,0,0,0,0,0,0,0,0,0,0,0,0,0,0,0,0,0,0,0,0,0,0,0,0,0,0,0,0,0,0
2009,Cyprus,0,0,0,37118.34,0,0,0,0,0,0,0,0,0,0,0,0,0,0,0,0,0,0,0,0,0,0,0,0,0,0,0,0,0,0,0,0,0,0,0,0
2010,Cyprus,0,0,0,21772.68,24708.23,0,0,0,0,0,0,0,0,0,0,0,0,0,0,0,0,0,0,0,0,0,0,0,0,0,0,0,0,0,0,0,0,0,0,0
2011,Cyprus,0,0,0,2129,20972.8,0,0,0,0,0,0,0,0,0,0,0,0,0,0,0,0,0,0,0,0,0,0,0,0,0,0,0,0,0,0,0,0,0,0,0
2012,Cyprus,0,0,0,8315.29,0,0,0,0,0,0,0,0,0,0,0,0,0,0,0,0,0,0,0,0,0,0,0,0,0,0,0,0,0,0,0,0,0,0,0,0
2015,Cyprus,0,0,0,19517,211787,0,0,0,0,0,0,0,0,0,0,0,0,0,0,0,0,0,0,0,0,0,0,0,0,0,0,0,0,0,0,0,0,0,0,0
2016,Cyprus,0,0,0,1640,35934,0,0,0,0,0,0,0,0,0,0,0,0,0,0,0,0,0,0,0,0,0,0,0,0,0,0,0,0,0,0,0,0,0,0,0
2017,Cyprus,0,0,0,35997,68303,0,0,0,0,0,0,0,0,0,0,0,0,0,0,0,0,0,0,0,0,0,0,0,0,0,0,0,0,0,0,0,0,0,0,0
2018,Cyprus,0,0,75284,0,0,0,0,0,0,0,0,0,0,0,0,0,0,0,0,0,0,0,0,0,0,0,0,0,0,0,0,0,0,0,0,0,0,0,0,0
2019,Cyprus,0,0,70329,0,0,0,0,0,0,0,0,0,0,0,0,0,0,0,0,0,0,0,0,0,0,0,0,0,0,0,0,0,0,0,0,0,0,0,0,0
2020,Cyprus,0,0,0,0,0,0,0,0,31558,0,0,0,0,0,0,0,0,78352,0,0,0,0,0,0,0,0,0,0,0,0,0,0,0,0,0,0,0,0,0,0
2021,Cyprus,20534,0,107134.08,0,0,0,0,0,29523,0,0,0,0,0,0,0,0,0,0,0,0,0,0,0,0,0,0,0,0,0,0,0,0,0,0,0,0,0,0,0
2022,Cyprus,139481,0,156634.79,0,0,0,0,0,30548,0,0,0,0,0,0,0,0,0,0,0,0,0,0,0,0,0,0,0,0,0,0,0,0,0,0,0,0,0,0,0
2023,Cyprus,505971,0,183438.46,0,0,0,0,0,84726,0,0,0,0,0,0,0,0,0,0,0,0,0,0,0,0,0,0,0,0,0,0,0,0,0,0,0,0,0,0,0
2024,Cyprus,311133.4,0,262521.89,0,0,0,0,0,110724,0,0,0,0,0,0,0,0,0,0,0,0,0,0,0,0,0,0,0,0,0,0,0,0,0,0,0,0,0,0,0
2008,Czech Republic,0,0,0,68579.06,0,0,0,0,0,0,0,0,0,0,0,0,0,0,0,0,0,0,0,0,0,0,0,0,0,0,0,0,0,0,0,0,0,0,0,0
2009,Czech Republic,0,0,0,112507.34,0,0,0,0,0,0,0,0,0,0,0,0,0,0,0,0,0,0,0,0,0,0,0,0,0,0,0,0,0,0,0,0,0,0,0,0
2010,Czech Republic,0,0,0,117784.05,12652.84,0,0,0,0,0,0,0,0,0,0,0,0,0,0,0,0,0,0,0,0,0,0,0,0,0,0,0,0,0,0,0,0,0,0,0
2011,Czech Republic,0,0,0,79289.72,14985.099999999999,0,0,0,0,0,0,0,0,0,0,0,0,0,0,0,0,0,0,0,0,0,0,0,0,0,0,0,0,0,0,0,0,0,0,0
2012,Czech Republic,0,0,0,55355.63,11024.3,0,0,0,0,0,0,0,0,0,0,0,0,0,0,0,0,0,0,0,0,0,0,0,0,0,0,0,0,0,0,0,0,0,0,0
2013,Czech Republic,0,0,0,88322.08,0,0,0,0,0,0,0,0,0,0,0,0,0,0,0,0,0,0,0,0,0,0,0,0,0,0,0,0,0,0,0,0,0,0,0,0
2014,Czech Republic,0,56929.35,0,72708.33,32928.18,0,0,0,0,12914.9,0,0,0,0,0,0,0,0,0,0,0,0,0,0,0,0,0,0,0,0,0,0,0,0,0,0,0,0,0,0
2015,Czech Republic,0,57201,0,96657,94867,0,0,0,0,89410,0,0,0,0,0,0,0,0,0,0,0,0,0,0,0,0,0,0,0,0,0,0,0,0,0,0,0,0,0,0
2016,Czech Republic,0,373912,0,106195,881843,0,0,0,0,305144,0,0,0,0,0,0,0,0,0,0,0,0,0,0,0,0,0,0,0,0,0,0,0,0,0,0,0,0,0,0
2017,Czech Republic,0,540263,0,253398,579348,0,0,0,0,689029,0,0,0,0,0,0,0,0,0,0,0,0,0,0,0,0,0,0,0,0,0,0,0,0,0,0,0,0,0,0
2018,Czech Republic,0,0,2233850,40016,0,0,0,0,0,0,0,0,0,0,0,0,0,0,0,0,0,0,0,0,0,0,0,0,0,0,0,0,0,0,0,0,0,0,0,0
2019,Czech Republic,0,56110,2885602.01,0,0,0,0,0,0,0,0,0,0,0,0,0,0,0,0,0,0,0,0,0,0,0,0,0,0,0,0,0,0,0,0,0,0,0,0,0
2020,Czech Republic,0,0,0,73041,0,0,0,0,3392821,0,0,0,0,0,0,0,0,198113,0,0,0,0,0,0,0,0,0,0,0,0,0,0,0,0,0,0,0,0,0,0
2021,Czech Republic,0,0,717384.5700000001,77050,0,0,0,0,1588326,0,0,0,0,0,0,0,0,0,0,0,0,0,0,0,0,0,0,0,0,0,0,0,0,0,0,0,0,0,0,0
2022,Czech Republic,0,0,834599.33,25622.18,0,0,0,0,1792044,0,0,0,0,0,0,0,0,0,0,0,0,0,0,0,0,0,0,0,0,0,0,0,0,0,0,0,0,0,0,0
2023,Czech Republic,0,0,1131939.41,41047,0,0,0,0,2016317,0,0,0,0,0,0,0,0,0,0,0,0,0,0,0,0,0,0,0,0,0,0,0,0,0,0,0,0,0,0,0
2024,Czech Republic,0,0,1463311.9100000001,36877,0,0,0,0,1702763,0,0,0,0,0,0,0,0,0,0,0,0,0,0,0,0,0,0,0,0,0,0,0,0,0,0,0,0,0,0,0
2008,Denmark,0,0,0,26537.45,33179.6,0,0,0,0,0,0,0,0,0,0,0,0,0,0,0,0,0,0,0,0,0,0,0,0,0,0,0,0,0,0,0,0,0,0,0
2009,Denmark,0,0,0,75474.03,101338,0,0,0,0,0,0,0,0,0,0,0,0,0,0,0,0,0,0,0,0,0,0,0,0,0,0,0,0,0,0,0,0,0,0,0
2010,Denmark,0,0,0,219599.38,137279.35,0,0,0,0,0,0,0,0,0,0,0,0,0,0,0,0,0,0,0,0,0,0,0,0,0,0,0,0,0,0,0,0,0,0,0
2011,Denmark,0,0,0,266198.67,113058.54000000001,0,12488.5,0,0,0,0,0,0,0,0,0,0,0,0,0,0,0,0,0,0,0,0,0,0,0,0,0,0,0,0,0,0,0,0,0
2012,Denmark,0,0,0,125190.13,49503.03,0,0,0,0,0,0,0,0,0,0,0,0,0,0,0,0,0,0,0,0,0,0,0,0,0,0,0,0,0,0,0,0,0,0,0
2013,Denmark,0,0,0,86857.25,43890.36,0,41063.939999999995,0,0,0,0,0,0,0,0,0,0,0,0,0,0,0,0,0,0,0,0,0,0,0,0,0,0,0,0,0,0,0,0,0
2014,Denmark,0,0,0,294284.46,22538.46,0,15301.08,0,0,8715.15,0,0,0,0,0,0,0,0,0,0,0,0,0,0,0,0,0,0,0,0,0,0,0,0,0,0,0,0,0,0
2015,Denmark,0,0,0,457053,185123,0,216689,0,0,1032087,0,0,0,0,0,0,0,0,0,0,0,0,0,0,0,0,0,0,0,0,0,0,0,0,0,0,0,0,0,0
2016,Denmark,0,0,0,140198,1342671,0,1864983,12000,0,760649,0,0,0,0,0,0,0,0,0,0,0,0,0,0,0,0,0,0,0,0,0,0,0,0,0,0,0,0,0,0
2017,Denmark,0,0,0,62531,1728529,0,1114543,0,0,1753920,0,0,0,0,0,0,0,0,0,0,0,0,0,0,0,0,0,0,0,0,0,0,0,0,0,0,0,0,0,0
2018,Denmark,0,0,3651759,14712,0,0,0,1187908,0,0,0,0,0,0,0,0,0,0,0,0,0,0,0,0,0,0,0,0,0,0,0,0,0,0,0,0,0,0,0,0
2019,Denmark,0,0,1988598,185480,0,0,0,2402482,0,0,0,0,0,0,0,0,0,0,0,0,0,0,0,0,0,0,0,0,0,0,0,0,0,0,0,0,0,0,0,0
2020,Denmark,0,0,607119,428004,0,0,0,2823264.7,3016950,0,0,0,0,0,0,0,0,0,0,0,0,0,0,0,0,0,0,0,0,0,0,0,0,0,0,0,0,0,0,0
2021,Denmark,0,0,1700774.01,1875,0,0,0,3093157.33,2320048,0,0,0,0,0,0,0,0,0,0,0,0,0,0,0,0,0,0,0,0,0,0,0,0,0,0,0,0,0,0,0
2022,Denmark,0,0,2538992.04,184022,0,0,0,4813780,2270314,0,0,0,0,0,0,0,0,0,0,0,0,0,0,0,0,0,0,0,0,0,0,0,0,0,0,0,0,0,0,0
2023,Denmark,0,0,2886649.76,102900,0,0,0,4373049,1218584,0,0,0,0,0,0,0,0,0,0,0,0,0,0,0,0,0,0,0,0,0,0,0,0,0,0,0,0,0,0,0
2024,Denmark,0,0,2730376.1799999997,58176,0,0,0,4039009,828274,0,0,0,0,0,0,0,0,0,0,0,0,0,0,0,0,0,0,0,0,0,0,0,0,0,0,0,0,0,0,0
2022,Egypt,0,0,0,0,0,108347,0,0,0,0,0,0,0,0,0,0,0,0,0,0,0,0,0,0,0,0,0,0,0,0,0,0,0,0,0,0,0,0,0,0
2023,Egypt,0,0,0,0,0,132611,0,0,0,0,0,0,0,0,0,0,0,0,0,0,0,0,0,0,0,0,0,0,0,0,0,0,0,0,0,0,0,0,0,0
2024,Egypt,0,0,0,0,0,339882,0,0,0,0,0,0,0,0,0,0,0,0,0,0,0,0,0,0,0,0,0,0,0,0,0,0,0,0,0,0,0,0,0,0
2008,Estonia,0,0,0,58574.61,22512.28,0,0,0,0,0,0,0,0,0,0,0,0,0,0,0,0,0,0,0,0,0,0,0,0,0,0,0,0,0,0,0,0,0,0,0
2009,Estonia,0,0,0,265905.47,161284.65,0,0,0,0,0,0,0,0,0,0,0,0,0,0,0,0,0,0,0,0,0,0,0,0,0,0,0,0,0,0,0,0,0,0,0
2010,Estonia,0,0,0,327404.02,137679.93,0,0,0,0,0,0,0,0,0,0,0,0,0,0,0,0,0,0,0,0,0,0,0,0,0,0,0,0,0,0,0,0,0,0,0
2011,Estonia,0,0,0,186093.11000000002,552094.84,0,0,0,0,0,0,0,0,0,0,0,0,0,0,0,0,0,0,0,0,0,0,0,0,0,0,0,0,0,0,0,0,0,0,0
2012,Estonia,0,0,0,210165.12,584037.42,0,0,0,0,0,0,0,0,0,0,0,0,0,0,0,0,0,0,0,0,0,0,0,0,0,0,0,0,0,0,0,0,0,0,0
2013,Estonia,0,0,0,155260.75,267149.25,0,0,0,0,0,0,0,0,0,0,0,0,0,0,0,0,0,0,0,0,0,0,0,0,0,0,0,0,0,0,0,0,0,0,0
2014,Estonia,0,49407.25,0,287593.8,262820.55,0,0,0,0,109330.33,206401.65,0,0,0,0,0,0,0,0,0,0,0,0,0,0,0,0,0,0,0,0,0,0,0,0,0,0,0,0,0
2015,Estonia,0,165415,0,156488,201535,0,0,0,0,45820,0,0,0,0,0,0,0,0,0,0,0,0,0,0,0,0,0,0,0,0,0,0,0,0,0,0,0,0,0,0
2016,Estonia,0,234542,0,195679,929870,0,0,0,0,262425,0,0,0,0,0,0,0,0,0,0,0,0,0,0,0,0,0,0,0,0,0,0,0,0,0,0,0,0,0,0
2017,Estonia,0,314755,0,250031,576229,0,0,0,0,25674,0,0,0,0,0,0,0,0,0,0,0,0,0,0,0,0,0,0,0,0,0,0,0,0,0,0,0,0,0,0
2018,Estonia,0,0,1368450,51030,0,0,0,344841,0,0,0,0,0,0,0,0,0,0,0,0,0,0,0,0,0,0,0,0,0,0,0,0,0,0,0,0,0,0,0,0
2019,Estonia,0,0,1261354,87519.58,0,0,0,393008.01,0,0,0,0,0,0,0,0,0,0,0,0,0,0,0,0,0,0,0,0,0,0,0,0,0,0,0,0,0,0,0,0
2020,Estonia,201797.88,0,87185,308033,0,0,0,138401,1317300,0,0,0,0,0,0,0,0,0,0,0,0,0,0,0,0,0,0,0,0,0,0,0,0,0,0,0,0,0,0,0
2021,Estonia,158666.67,0,547295.4400000001,0,0,0,0,505222,928326,0,0,0,0,0,0,0,0,0,0,0,0,0,0,0,0,0,0,0,0,0,0,0,0,0,0,0,0,0,0,0
2022,Estonia,194265.05,0,723158.62,0,0,0,0,763027,967345,0,0,0,0,0,0,0,0,0,0,0,0,0,0,0,0,0,0,0,0,0,0,0,0,0,0,0,0,0,0,0
2023,Estonia,218281.29,0,963486.12,91146.58,0,0,0,1503953,1172640,0,0,0,0,0,0,0,0,0,0,0,0,0,0,0,0,0,0,0,0,0,0,0,0,0,0,0,0,0,0,0
2024,Estonia,198944.73,0,967583.0700000001,24632,0,0,0,1041271,1074852,0,0,0,0,0,0,0,0,0,0,0,0,0,0,0,0,0,0,0,0,0,0,0,0,0,0,0,0,0,0,0
2008,Finland,0,0,0,148535.51,541833.63,0,0,0,0,0,0,0,0,0,0,0,0,0,0,0,0,0,0,0,0,0,0,0,0,0,0,0,0,0,0,0,0,0,0,0
2009,Finland,0,0,0,248202.31,399894,0,6602.98,0,0,0,0,0,0,0,0,0,0,0,0,0,0,0,0,0,0,0,0,0,0,0,0,0,0,0,0,0,0,0,0,0
2010,Finland,0,0,0,157865.41999999998,842654.42,0,178833.4,0,0,0,0,0,0,0,0,0,0,0,0,0,0,0,0,0,0,0,0,0,0,0,0,0,0,0,0,0,0,0,0,0
2011,Finland,0,0,0,150606.32,646417.85,0,493589.68,0,0,0,403948.52,0,0,0,0,0,0,0,0,0,0,0,0,0,404490.06,0,0,0,0,0,0,0,0,0,0,0,0,0,0,0
2012,Finland,0,0,0,121291.66,148202.84,0,160200.22,0,0,0,11282.58,0,0,0,0,0,0,0,0,0,0,0,407579.60000000003,0,0,0,0,0,0,0,0,0,0,0,0,0,0,0,0,0
2013,Finland,0,0,0,191583.27000000002,173923.15,0,182276.18,0,0,0,10997.46,0,0,0,0,0,0,0,0,0,0,0,345722.97,0,373739.88,0,0,0,0,0,0,0,0,0,0,0,0,0,0,0
2014,Finland,0,85178.42,0,259535.02,1163464.47,0,363027.21,0,0,405058.84,0,0,0,0,0,0,0,0,0,0,0,0,31347.79,0,427994.81,0,0,0,0,0,0,0,0,0,0,0,0,0,0,0
2015,Finland,0,99902,0,213872,302556,0,311908,0,0,554643,0,0,0,0,0,0,0,0,0,0,0,0,0,0,0,0,0,0,0,0,0,0,0,0,0,0,0,0,0,0
2016,Finland,0,179522,0,180976,2978157,0,1606468,0,0,512317,0,0,0,0,0,0,0,0,0,0,0,0,0,0,0,0,0,0,0,0,0,0,0,0,0,0,0,0,0,0
2017,Finland,0,118019,0,173790,3435416,0,1602092,0,0,550612,0,0,0,0,0,0,0,0,0,0,0,0,0,0,0,0,0,0,532943,0,0,0,0,0,0,0,0,0,0,0
2018,Finland,270816,0,517294,25736,0,0,451909.98,1816779,0,0,0,0,0,0,0,0,0,0,0,0,0,0,0,0,0,0,0,0,0,0,0,0,0,0,0,0,0,0,0,0
2019,Finland,0,496574,480829,0,0,0,0,803508,0,0,0,0,0,0,0,0,0,0,0,0,0,0,0,0,0,0,0,0,0,0,0,0,0,0,0,0,0,0,0,0
2020,Finland,661805.49,0,0,15067,0,0,0,475980,890531,0,0,0,0,0,0,0,0,390930,0,0,0,0,0,0,0,0,0,0,0,0,0,0,0,0,0,0,0,0,0,0
2021,Finland,437064.62,0,1027712.83,0,0,0,0,379731,934716,0,0,0,0,0,0,0,0,0,0,0,0,0,0,0,0,0,0,0,0,0,0,0,0,0,0,0,0,0,0,0
2022,Finland,542982.96,0,1424058.14,0,0,0,0,711965,1119898,0,0,0,0,0,0,0,0,0,0,0,0,0,0,0,0,0,0,0,0,0,0,0,0,0,0,0,0,0,0,0
2023,Finland,608965.24,0,1941175.19,0,0,0,0,492696,2137798,0,0,0,0,0,0,0,0,0,0,0,0,0,0,0,0,0,0,0,0,0,0,0,0,0,0,0,0,0,0,0
2024,Finland,356407.3,0,2067566.25,89431.06,0,0,0,602326,1561545,0,0,0,0,0,0,0,0,0,0,0,0,0,0,0,0,0,0,0,0,0,0,0,0,0,0,0,0,0,0,0
2008,France,0,0,0,408721.71,632553.33,0,67386,0,0,0,0,0,0,0,0,0,0,0,0,0,0,0,0,0,479747,0,0,0,0,0,0,0,0,961185.25,0,0,0,0,0,0
2009,France,0,0,0,381101.61,562001.7,0,518097.08,0,0,0,0,0,0,0,0,0,0,0,0,0,0,0,0,0,737049.14,0,0,0,0,0,0,0,0,45631.8,0,0,0,0,0,0
2010,France,0,0,0,371192.6,524340.27,0,595692.75,0,0,0,0,0,0,0,0,0,0,0,0,0,0,0,0,0,475084.1,0,0,0,0,0,0,0,0,0,0,0,0,0,0,0
2011,France,0,0,0,868549.3400000001,157477.3,0,541730.29,0,0,0,0,0,0,0,0,0,0,0,0,0,0,0,0,0,194620.29,0,0,0,0,0,0,0,0,0,0,0,0,0,0,0
2012,France,0,0,0,214774.85,173433.46,0,268157.42,0,0,0,0,0,0,0,0,0,0,0,0,0,0,0,0,0,83089.14,0,0,0,0,0,0,0,0,0,0,0,0,0,0,0
2013,France,0,0,0,340191.42,24585.66,0,351854.8,0,0,0,0,0,0,0,0,0,0,0,0,0,0,0,0,0,150329.93,0,0,0,0,0,0,0,0,0,0,0,0,0,0,0
2014,France,0,13603.98,0,741448.68,36604.84,0,456311.13,0,0,118719.70999999999,0,0,0,0,0,0,0,0,0,0,0,0,0,0,263978.06,0,0,0,0,0,0,0,0,0,0,0,0,0,0,0
2015,France,0,79641,0,377231,137654,0,318841,0,0,1722026,0,0,0,0,0,0,0,0,0,0,0,0,0,0,252631,0,0,0,0,0,0,0,0,0,0,0,0,0,0,0
2016,France,0,58009,0,404260,3985339,0,1150531,0,0,3175671,0,0,0,0,0,0,0,0,0,0,0,0,0,0,20473,0,0,0,0,0,0,0,0,0,0,0,0,0,0,0
2017,France,0,45718,0,562821,2666643,0,3497314,0,0,3101591,0,0,0,0,0,0,0,0,0,0,0,0,0,0,379035,0,0,0,0,0,0,0,0,0,0,0,0,0,0,0
2018,France,669686,2426088,4980330,69171,0,0,0,2040951,0,0,0,0,0,0,0,0,0,0,0,0,0,0,0,0,0,0,0,0,0,0,0,0,0,0,0,0,0,0,0,0
2019,France,0,2971603.2,3034611,0,0,0,0,2790603,0,0,0,0,0,0,0,0,0,0,0,0,0,0,0,0,0,0,0,0,0,0,0,0,0,0,0,0,0,0,0,0
2020,France,2243880.12,0,20242,0,0,0,0,520264,2505735,0,0,0,0,0,0,0,0,1948032,0,0,0,0,0,0,0,0,0,0,0,0,0,0,0,0,0,0,0,0,0,0
2021,France,2661594,0,3155897.52,613405,0,0,0,1298179,1142221,0,0,0,0,0,0,0,0,0,0,0,0,0,0,0,0,0,0,0,0,0,0,0,0,0,0,0,0,0,0,0
2022,France,3781869,0,4967769.68,0,0,0,0,1845449,2293907,0,0,0,0,0,0,0,0,0,0,0,0,0,0,0,0,0,0,0,0,0,0,0,0,0,0,0,0,0,0,0
2023,France,1888203,0,6798477.86,0,0,0,0,1451199,3059300,0,0,0,0,0,0,0,0,0,0,0,0,0,0,0,0,0,0,0,0,0,0,0,0,0,0,0,0,0,0,0
2024,France,1422244.2,0,7568929.5200000005,0,0,0,0,1024890.6,2075761,0,0,0,0,0,0,0,0,0,0,0,0,0,0,0,0,0,0,0,0,0,0,0,0,0,0,0,0,0,0,0
2014,Georgia,0,0,0,7913,0,0,0,0,0,0,0,0,0,0,0,0,0,0,3296.67,0,0,0,0,0,0,0,0,0,0,0,0,0,0,0,0,0,0,0,0,0
2015,Georgia,0,6386,0,3613,0,0,0,0,0,0,0,0,0,0,0,0,0,0,5914,0,0,0,0,0,0,0,0,0,0,0,0,0,0,0,0,0,0,0,0,0
2016,Georgia,0,11235,0,14720,0,0,5795,0,0,0,0,0,0,0,0,0,0,0,6286,0,0,0,0,0,0,0,0,0,0,0,0,0,0,0,0,0,0,0,0,0
2017,Georgia,0,19107,0,49910,0,0,13420,0,0,0,0,0,0,0,0,0,0,0,6264,0,0,0,0,0,0,0,0,0,0,0,0,0,0,0,0,0,0,0,0,0
2018,Georgia,30190.05,0,58800.64,0,0,0,21651.45,0,0,0,0,0,0,0,0,0,0,0,0,0,0,0,0,0,0,0,0,0,0,0,0,0,0,0,0,0,0,0,0,0
2019,Georgia,12460.15,17296.55,224341.55,0,0,0,0,0,0,0,0,0,0,0,0,0,0,0,0,0,0,0,0,0,0,0,0,0,0,0,0,0,0,0,0,0,0,0,0,0
2020,Georgia,15857.4,0,0,0,0,0,0,0,27828.62,0,0,0,0,0,0,0,0,0,0,0,0,0,0,0,0,0,0,0,0,0,0,0,0,0,0,0,0,0,0,0
2021,Georgia,41441.1,0,0,7869.85,0,0,0,0,0,0,0,0,0,0,0,0,0,0,38601.32,0,0,0,0,0,0,0,0,0,0,0,21477.04,0,0,0,0,0,0,0,0,0
2022,Georgia,47255.590000000004,0,0,0,0,0,0,0,0,0,0,0,0,0,0,0,0,0,31783.28,0,0,0,0,0,0,0,0,0,0,0,0,0,0,0,0,0,0,0,0,0
2023,Georgia,75114,0,0,0,0,0,0,0,0,0,0,0,0,0,0,0,0,0,186551.74,0,0,0,0,0,0,0,0,0,0,0,0,0,0,0,0,27521.47,0,0,0,0
2024,Georgia,85268.29999999999,0,0,0,0,0,0,0,0,0,0,0,0,0,0,0,0,0,0,0,0,0,0,0,0,0,0,0,0,0,0,0,0,0,0,0,0,0,0,0
2008,Germany,0,0,0,2802864.82,67011.91,0,64829,0,0,0,0,0,0,0,0,0,0,0,0,0,0,0,0,0,0,0,0,0,0,0,0,0,0,0,0,0,0,0,0,0
2009,Germany,0,0,0,3001562.52,75291,0,581255.82,0,0,0,0,0,0,0,0,0,0,0,0,0,0,0,0,0,0,0,0,0,0,0,0,0,0,0,0,0,0,0,0,0
2010,Germany,0,0,0,1217896.9,1122594.96,0,995333.43,0,0,0,0,0,0,0,0,0,0,0,0,0,0,0,0,0,0,0,0,0,0,0,0,0,0,0,0,0,0,0,0,0
2011,Germany,0,0,0,1406729.07,432829.26,0,945700.36,0,0,0,0,0,0,0,0,0,0,0,0,0,0,0,0,0,0,0,0,0,0,0,0,0,0,0,0,0,0,0,0,0
2012,Germany,0,0,0,838852.4199999999,980590.47,0,1106821.72,0,0,0,0,0,0,0,0,0,0,0,0,0,0,0,0,0,0,0,0,0,0,0,0,0,0,0,0,0,0,0,0,0
2013,Germany,0,0,0,786742.7,380650.14,0,982781.9400000001,0,0,0,0,0,0,0,0,0,0,0,0,0,0,0,0,0,0,0,0,0,0,0,0,0,0,0,0,0,0,0,0,0
2014,Germany,0,39116.84,0,589259.7899999999,154912.84,0,780078.66,0,0,0,0,0,0,0,0,0,0,0,0,0,0,0,0,0,0,0,0,0,0,0,0,0,0,0,0,0,0,0,0,0
2015,Germany,0,358791,0,1438923,757106,0,2243302,0,0,0,0,0,0,0,0,0,0,0,0,0,0,0,0,0,0,0,0,0,0,0,0,0,0,0,0,0,0,0,0,0
2016,Germany,0,430220,0,2998472,9346014,0,12408656,0,0,0,0,0,0,0,0,0,0,0,0,0,0,0,0,0,0,0,0,0,0,0,0,0,0,0,0,0,0,0,0,0
2017,Germany,0,2660460,0,4235185,6139340,0,14366289,0,0,0,0,0,0,0,0,0,0,0,0,0,0,0,0,0,0,0,0,0,0,0,0,0,0,0,0,0,0,0,0,0
2018,Germany,38075,17788575.06,7550000,218589,0,0,4851116,3709816,0,0,0,0,0,0,0,0,0,0,0,0,0,0,0,0,0,0,0,0,0,0,0,0,0,0,0,0,0,0,0,0
2019,Germany,0,26906032.59,7900000,0,0,0,0,2092905.7,0,0,0,0,0,0,0,0,0,0,0,0,0,0,0,0,0,0,0,0,0,0,0,0,0,0,0,0,0,0,0,0
2020,Germany,16548707.99,0,311344.47,2533973.12,0,0,0,0,11500833,0,0,0,0,0,0,0,0,0,0,0,0,0,0,0,0,0,0,0,0,0,0,0,0,0,0,0,0,0,0,0
2021,Germany,24774127,0,6798341.44,99570.85,0,0,0,4158915,8574507,0,0,0,0,0,0,0,0,0,0,0,0,0,0,0,0,0,0,0,0,0,0,0,0,0,0,0,0,0,0,0
2022,Germany,21267382,34813,8404853.81,18433.71,0,0,0,2705783,8388748,0,0,0,0,0,0,0,0,0,0,0,0,0,0,0,0,0,0,0,0,0,0,0,0,0,0,0,0,0,0,0
2023,Germany,27419065,0,11303985.84,0,0,0,0,2725531,9890778,0,0,0,0,0,0,0,0,0,0,0,0,0,0,0,0,0,0,0,0,0,0,0,0,0,0,0,0,0,0,0
2024,Germany,27813924,0,12790938.61,0,0,0,0,2363484.73,11365187,0,0,0,0,0,0,0,0,0,0,0,0,0,0,0,0,0,0,0,0,0,0,0,0,0,0,0,0,0,0,0
2008,Greece,0,0,0,35381.19,3668542.14,0,0,0,0,0,0,0,0,0,0,0,0,0,0,0,0,0,0,0,0,0,0,0,0,0,0,0,0,0,0,0,0,0,0,0
2009,Greece,0,0,0,73049.69,6172789.1,0,0,0,0,0,0,0,0,0,0,0,0,0,0,0,0,0,0,0,0,0,0,0,0,0,0,0,0,0,0,0,0,0,0,0
2010,Greece,0,0,0,116151.72,3649042.82,0,0,0,0,0,0,0,0,0,0,0,0,0,0,0,0,0,0,0,0,0,0,0,0,0,0,0,0,0,0,0,0,0,0,0
2011,Greece,0,0,0,255411.85,4372008.06,0,0,0,0,0,0,0,0,0,0,0,0,0,0,0,0,0,0,0,0,0,0,0,0,0,0,0,0,0,0,0,0,0,0,0
2012,Greece,0,0,0,103411.21,4264512.63,0,0,0,0,0,0,0,0,0,0,0,0,0,0,0,0,0,0,0,0,0,0,0,0,0,0,0,0,0,0,0,0,0,0,0
2013,Greece,0,0,0,281383.55,2712672.83,0,0,0,0,0,0,0,0,0,0,0,0,0,0,0,0,0,0,0,0,0,0,0,0,0,0,0,0,0,0,0,0,0,0,0
2014,Greece,0,0,0,273154.59,2680406.96,0,0,0,0,0,0,0,0,0,0,0,0,0,0,0,0,0,0,0,0,0,0,0,0,0,0,0,0,0,0,0,0,0,0,0
2015,Greece,0,0,0,297734,7417025,0,0,0,0,0,0,0,0,0,0,0,0,0,0,0,0,0,0,0,0,0,0,0,0,0,0,0,0,0,0,0,0,0,0,0
2016,Greece,0,0,0,895477,12531236,0,0,0,0,0,0,0,0,0,0,0,0,0,0,0,0,0,0,0,0,0,0,0,0,0,0,0,0,0,0,0,0,0,0,0
2017,Greece,0,0,0,301806,17036060,0,0,0,0,0,0,0,0,0,0,0,0,0,0,0,0,0,0,0,0,0,0,0,0,0,0,0,0,0,0,0,0,0,0,0
2018,Greece,0,0,4157723,144712,0,0,0,7791677,0,0,0,0,0,0,0,0,0,0,0,0,0,0,0,0,0,0,0,0,0,0,0,0,0,0,0,0,0,0,0,0
2019,Greece,0,0,2386176.92,233970,0,0,0,6560153,0,0,0,0,0,0,0,0,0,0,0,0,0,0,0,0,0,0,0,0,0,0,0,0,0,0,0,0,0,0,0,0
2020,Greece,0,0,0,553979,0,0,0,706738,5578489,0,0,0,0,0,0,0,0,0,0,0,0,0,0,0,0,0,0,0,0,0,0,0,0,0,0,0,0,0,0,0
2021,Greece,0,0,1188983.6199999999,0,0,0,0,4590438,3532827,0,0,0,0,0,0,0,0,0,0,0,0,0,0,0,0,0,0,0,0,0,0,0,0,0,0,0,0,0,0,0
2022,Greece,0,0,1691811.94,0,0,0,0,9610638,4251828,0,0,0,0,0,0,0,0,0,0,0,0,0,0,0,0,0,0,0,0,0,0,0,0,0,0,0,0,0,0,0
2023,Greece,0,0,2533576.67,76062,0,0,0,10243835,4310927,0,0,0,0,0,0,0,0,0,0,0,0,0,0,0,0,0,0,0,0,0,0,0,0,0,0,0,0,0,0,0
2024,Greece,0,0,2536374.28,63915,0,0,0,2630196,5979460,0,0,0,0,0,0,0,0,0,0,0,0,0,0,0,0,0,0,0,0,0,0,0,0,0,0,0,0,0,0,0
2008,Hungary,0,0,0,284070.27,0,0,0,0,0,0,0,0,0,0,0,0,0,0,0,0,0,0,0,0,0,0,0,0,0,0,0,0,0,0,0,0,0,0,0,0
2009,Hungary,0,0,0,580193.36,0,0,3897.24,0,0,0,0,0,0,0,0,0,0,0,0,0,0,0,0,0,0,0,0,0,0,0,0,0,0,0,0,0,0,0,0,0
2010,Hungary,0,0,0,595240.4600000001,0,0,14153.77,0,0,0,0,0,0,0,0,0,0,0,0,0,0,0,0,0,0,0,0,0,0,0,0,0,0,0,0,0,0,0,0,0
2011,Hungary,0,0,0,413968.14,0,0,8872.86,0,0,0,0,0,0,0,0,0,0,0,0,0,0,0,0,0,0,0,0,0,0,0,0,0,0,0,0,0,0,0,0,0
2012,Hungary,0,0,0,206323.87000000002,0,0,4740.14,0,0,0,0,0,0,0,0,0,0,0,0,0,0,0,0,0,0,0,0,0,0,0,0,0,0,0,0,0,0,0,0,0
2013,Hungary,0,0,0,280502.73,0,0,11419,0,0,0,0,0,0,0,0,0,0,0,0,0,0,0,0,0,0,0,0,0,0,0,0,0,0,0,0,0,0,0,0,0
2014,Hungary,0,12501.88,0,90230.86,0,0,137370.7,0,0,0,0,0,0,0,0,0,0,0,0,0,0,0,0,0,0,0,0,0,0,0,0,0,0,0,0,0,0,0,0,0
2015,Hungary,0,165467,0,38878,0,0,150397,0,0,0,0,0,0,0,0,0,0,0,0,0,0,0,0,0,0,0,0,0,0,0,0,0,0,0,0,0,0,0,0,0
2016,Hungary,0,307757,0,290393,0,0,173270,0,0,0,0,0,0,0,0,0,0,0,0,0,0,0,0,0,0,0,0,0,0,0,0,0,0,0,0,0,0,0,0,0
2017,Hungary,0,276127,0,423001,0,0,498592,0,0,0,0,0,0,0,0,0,0,0,0,0,0,0,0,0,0,0,0,0,0,0,0,0,0,0,0,0,0,0,0,0
2018,Hungary,0,49816,552945,378924.32,0,0,191463,0,0,0,0,0,0,0,0,0,0,0,0,0,0,0,0,0,0,0,0,0,0,0,0,0,0,0,0,0,0,0,0,0
2019,Hungary,0,106692,539517,135185.44,0,0,0,0,0,0,0,0,0,0,0,0,0,0,0,0,0,0,0,0,0,0,0,0,0,0,0,0,0,0,0,0,0,0,0,0
2020,Hungary,0,0,0,60883,0,0,0,0,938422,0,0,0,0,0,0,0,0,0,0,0,0,0,0,0,0,0,0,0,0,0,0,0,0,0,0,0,0,0,0,0
2021,Hungary,0,0,984791.12,70598,0,0,0,0,2417313,0,0,0,0,0,0,0,0,0,0,0,0,0,0,0,0,0,0,0,0,0,0,0,0,0,0,0,0,0,0,0
2022,Hungary,0,0,1256245.37,38232,0,0,0,0,3007116,0,0,0,0,0,0,0,0,0,0,0,0,0,0,0,0,0,0,0,0,0,0,0,0,0,0,0,0,0,0,0
2023,Hungary,0,0,1457391.28,31565,0,0,0,0,4021345,0,0,0,0,0,0,0,0,0,0,0,0,0,0,0,0,0,0,0,0,0,0,0,0,0,0,0,0,0,0,0
2024,Hungary,0,0,1657070.46,17679,0,0,0,0,3832381,0,0,0,0,0,0,0,0,0,0,0,0,0,0,0,0,0,0,0,0,0,0,0,0,0,0,0,0,0,0,0
2008,Iceland,0,0,0,4581.97,0,0,0,0,0,0,0,0,0,0,0,0,0,0,0,0,0,0,0,0,0,0,0,0,0,0,0,0,0,0,0,0,0,0,0,0
2009,Iceland,0,0,0,41168.54,0,0,9642.6,0,0,0,0,0,0,0,0,0,0,0,0,0,0,0,0,0,0,0,0,0,0,0,0,0,0,0,0,0,0,0,0,0
2010,Iceland,0,0,0,0,706788.62,0,3550.4,0,0,0,0,0,0,0,0,0,0,0,0,0,0,3691134.67,0,0,0,0,0,0,0,0,0,0,0,0,0,0,0,0,0,0
2011,Iceland,0,0,0,18866.58,1659614.76,0,0,0,0,0,1840891.0899999999,0,0,0,0,0,0,0,0,0,0,0,618038,0,1023867.36,0,0,0,0,0,0,0,0,0,0,0,0,0,0,0
2012,Iceland,0,0,0,8764.3,865618.94,0,0,0,0,0,1022754.6799999999,0,0,0,0,0,0,0,0,0,0,548412.16,597976.74,0,1273834.32,0,0,0,0,0,0,0,0,0,0,0,0,0,0,0
2013,Iceland,0,0,0,0,573515.66,0,130522.68,0,0,0,299918.56,0,0,0,0,0,0,0,0,0,0,0,1563313.45,0,1074668.4100000001,0,0,0,0,0,0,0,0,0,0,0,0,0,0,0
2014,Iceland,0,0,0,3712.9,604323.77,0,7469,0,0,2614904.34,0,0,0,0,0,0,0,0,0,0,0,0,1075345.7,0,0,0,0,0,0,0,0,0,0,0,0,0,0,0,0,0
2015,Iceland,0,0,0,3974,677178,0,139541,0,0,2614180,0,0,0,0,0,0,0,0,0,0,0,0,0,0,984579,0,0,0,0,0,0,0,0,0,0,0,0,0,0,0
2016,Iceland,0,0,0,77326,0,0,849024,0,0,659270,0,0,0,0,0,0,0,0,0,0,0,0,0,0,0,0,0,0,0,0,0,0,0,0,0,0,0,0,0,0
2017,Iceland,0,0,0,0,1476520,0,1891471,0,0,1768783,0,0,0,0,0,0,0,0,0,0,0,0,0,0,0,0,0,0,0,0,0,0,0,0,0,0,0,0,0,0
2018,Iceland,396565,0,0,0,0,0,790936.7,2580912,0,0,0,0,0,0,0,0,0,0,0,0,0,0,0,0,0,0,0,0,0,0,0,0,0,0,0,0,0,0,0,0
2019,Iceland,0,315411,0,0,0,0,0,2919418,0,0,0,0,0,0,0,0,0,0,0,0,0,0,0,0,0,0,0,0,0,0,0,0,0,0,0,0,0,0,0,0
2020,Iceland,328427.54000000004,0,0,0,0,0,0,1110604,1353016,0,0,0,0,0,0,0,0,0,0,0,0,0,0,0,0,0,0,0,0,0,0,0,0,0,0,0,0,0,0,0
2021,Iceland,164632,0,155119.91,0,0,0,0,3295583,0,0,0,0,0,0,0,0,0,0,0,0,0,0,0,0,0,0,0,0,0,0,0,0,0,0,0,0,0,0,0,0
2022,Iceland,28661,0,259708.15999999997,0,0,0,0,3036721,39925,0,0,0,0,0,0,0,0,0,0,0,0,0,0,0,0,0,0,0,0,0,0,0,0,0,0,0,0,0,0,0
2023,Iceland,86100,0,265548.54000000004,0,0,0,0,3349404,44236,0,0,0,0,0,0,0,0,0,0,0,0,0,0,0,0,0,0,0,0,0,0,0,0,0,0,0,0,0,0,0
2024,Iceland,264194,0,178227.78999999998,0,0,0,0,819438,21590,0,0,0,0,0,0,0,0,0,0,0,0,0,0,0,0,0,0,0,0,0,0,0,0,0,0,0,0,0,0,0
2022,Iraq,0,0,0,0,0,1617200,0,0,0,0,0,0,0,0,0,0,0,0,0,0,0,0,0,0,0,0,0,0,0,0,0,0,0,0,0,0,0,0,0,0
2023,Iraq,0,0,0,0,0,4739850,0,0,0,0,0,0,0,0,0,0,0,0,0,0,0,0,0,0,0,0,0,0,0,0,0,0,0,0,0,0,0,0,0,0
2024,Iraq,0,0,0,0,0,5222250,0,0,0,0,0,0,0,0,0,0,0,0,0,0,0,0,0,0,0,0,0,0,0,0,0,0,0,0,0,0,0,0,0,0
2008,Ireland,0,0,0,26642.05,0,0,0,0,0,0,0,0,0,0,0,0,0,0,0,0,53931.75,0,0,0,0,0,0,0,0,0,0,0,0,0,0,0,0,0,0,0
2009,Ireland,0,0,0,0,0,0,384188.36,0,0,0,0,0,0,0,0,0,0,0,0,0,25150.559999999998,0,0,0,0,0,0,0,0,0,0,0,0,0,0,0,0,0,0,0
2010,Ireland,0,0,0,0,0,0,470031.37,0,0,0,0,0,0,0,0,0,0,0,0,0,0,0,0,0,0,0,0,0,0,0,0,0,0,0,0,0,0,0,0,0
2011,Ireland,0,0,0,0,0,0,137571.7,0,0,0,0,0,51183.44,0,0,0,0,0,0,0,0,0,0,0,0,0,0,0,0,0,0,0,0,0,0,0,0,0,0,0
2012,Ireland,0,0,0,4864.76,0,0,184003.02,0,0,0,0,0,0,0,0,0,0,0,0,0,0,0,0,0,0,0,0,0,0,0,0,0,0,0,0,0,0,0,0,0
2013,Ireland,0,0,0,0,0,0,226177.9,0,0,0,0,0,0,0,0,0,0,0,0,0,0,0,0,0,0,0,0,0,0,0,0,0,0,0,0,0,0,0,0,0
2014,Ireland,0,0,0,13188.82,0,0,0,0,0,0,0,0,0,0,0,0,0,0,0,0,0,0,0,0,0,0,0,0,0,0,0,0,0,0,0,0,0,0,0,0
2015,Ireland,0,0,0,0,0,0,186701,0,0,0,0,0,0,0,0,0,0,0,0,0,0,0,0,0,0,0,0,0,0,0,0,0,0,0,0,0,0,0,0,0
2008,Italy,0,0,0,647650.8,1795840.1800000002,0,214566.43,0,0,0,0,0,0,0,0,0,0,0,0,0,0,2769362.8000000003,730499.17,0,0,0,0,0,0,0,0,0,0,2763007.83,0,0,0,0,0,0
2009,Italy,0,0,0,891510.4500000001,1083419.5,0,298050,0,0,0,0,0,0,0,0,0,0,0,0,0,0,1316441.3399999999,1214840,0,0,0,0,0,0,0,0,0,0,0,0,0,0,0,0,0
2010,Italy,0,0,0,1006611.11,1418875,0,365885.11,0,0,0,0,0,0,0,0,0,0,0,0,0,0,1096826.56,2023438.77,0,0,0,0,0,0,0,0,0,0,0,0,0,0,0,0,0
2011,Italy,0,0,0,1515522.8599999999,518278.98,0,382813.28,0,0,0,4317717.56,0,0,0,0,0,0,0,0,0,0,622097.68,9040309.92,0,0,0,0,0,0,0,0,0,0,0,0,0,0,0,0,0
2012,Italy,0,0,0,702883.87,256217.90999999997,0,1030941.7999999999,0,0,0,1693837.4,0,0,0,0,0,0,0,0,0,0,0,2165842.36,0,0,0,0,0,0,0,0,0,0,0,0,0,0,0,0,0
2013,Italy,0,0,0,662295.6,178542.45,0,820864.3,0,0,0,977316.65,0,0,0,0,0,0,0,0,0,0,0,2740221.0100000002,0,0,0,0,0,0,0,0,0,0,0,0,0,0,0,0,0
2014,Italy,0,0,0,1282866.93,474068.81,0,629646,0,0,3090984.29,756251.07,0,0,0,0,0,0,0,0,0,0,0,2199257.03,0,0,0,0,0,0,0,0,0,0,0,0,0,0,0,0,0
2015,Italy,0,1376193,0,1058394,1510544,0,1183579,0,0,12365993,0,0,0,0,0,0,0,0,0,0,0,0,0,0,0,0,0,0,0,0,0,0,0,0,0,0,0,0,0,0
2016,Italy,0,257866,0,1945089,5922348,0,2141383,0,0,11147283,0,0,0,0,0,0,0,0,0,0,0,0,0,0,0,0,0,0,0,0,0,0,0,0,0,0,0,0,0,0
2017,Italy,0,272683,0,1927423,2583633,0,4408643,0,0,9308411,0,0,0,0,0,0,0,0,0,0,0,0,0,0,0,0,0,0,0,0,0,0,0,0,0,0,0,0,134004,0
2018,Italy,0,2632957,2713385,2089308,0,0,1747512,10066988,0,0,0,0,0,0,0,0,0,0,0,0,0,0,0,0,0,0,0,0,0,0,0,0,0,0,0,0,0,0,0,0
2019,Italy,0,5183338.9399999995,2162548,340836.78,0,0,0,13325477.71,291438,0,0,0,0,0,0,0,0,0,0,0,0,0,0,0,0,0,0,0,0,0,0,0,0,0,0,0,0,0,0,0
2020,Italy,3192370.73,0,0,299051,0,0,0,3005860,8940458,0,0,0,0,0,0,0,0,0,0,0,0,0,0,0,0,0,0,0,0,0,0,0,0,0,0,0,0,0,3695630,0
2021,Italy,7267638,0,4812056.49,281354.66,0,0,0,14576566,5562822,0,0,0,0,0,0,0,0,0,0,0,0,0,0,0,0,0,0,0,0,0,0,0,0,0,0,0,0,0,0,0
2022,Italy,10234161,0,4907465.04,0,0,0,0,18646706,5669910,0,0,0,0,0,0,0,0,0,0,0,0,0,0,0,0,0,0,0,0,0,0,0,0,0,0,0,0,0,0,0
2023,Italy,9319727,0,5992370.24,59845.5,0,0,0,14945521,8505867,0,0,0,0,0,0,0,0,0,0,0,0,0,0,0,0,0,0,0,0,0,0,0,0,0,0,0,0,0,0,0
2024,Italy,7610054,0,6418247.09,0,0,0,0,9021498.89,7598936,0,0,0,0,0,0,0,0,0,0,0,0,0,0,0,0,0,0,0,0,0,0,0,0,0,0,0,0,0,0,0
2017,Kosovo,0,9777,0,0,0,0,0,0,0,10284,0,0,0,0,0,0,0,0,8954,0,0,0,0,0,0,0,0,0,0,0,0,0,0,0,0,0,0,0,0,0
2018,Kosovo,0,0,99814.95,0,0,0,0,0,0,0,0,0,0,0,0,0,0,0,0,0,0,0,0,0,0,0,0,0,0,0,0,0,0,0,0,0,0,0,0,0
2019,Kosovo,0,0,154789.41,0,0,0,0,0,0,0,0,0,0,0,0,0,0,0,0,0,0,0,0,0,0,0,0,0,0,0,0,0,0,0,0,0,0,0,0,0
2021,Kosovo,0,0,0,0,0,0,0,0,17803.73,0,0,0,0,0,0,0,0,0,0,0,0,0,0,0,0,0,0,0,0,0,0,0,9352.87,0,0,0,0,0,0,0
2022,Kosovo,0,0,0,0,0,0,0,0,0,0,0,0,0,0,0,0,0,0,20111.72,0,0,0,0,0,0,0,0,0,0,0,0,0,0,0,0,0,0,0,0,0
2023,Kosovo,0,0,0,0,0,0,0,0,0,0,0,0,0,0,0,0,0,0,31372.4,0,0,0,0,0,0,0,0,0,0,0,0,0,0,0,0,19897.719999999998,0,0,0,0
2008,Latvia,0,0,0,61113.270000000004,36674.869999999995,0,0,0,0,0,0,0,0,0,0,0,0,0,0,0,0,0,0,0,0,0,0,0,0,0,0,0,0,0,0,0,0,0,0,0
2009,Latvia,0,0,0,259127.88,410696,0,0,0,0,0,0,0,0,0,0,0,0,0,0,0,0,0,0,0,0,0,0,0,0,0,0,0,0,0,0,0,0,0,0,0
2010,Latvia,0,0,0,698166.75,2080786.24,0,0,0,0,0,0,0,0,0,0,0,0,0,0,0,0,0,0,0,0,0,0,0,0,0,0,0,0,0,0,0,0,0,0,0
2011,Latvia,0,0,0,268981.55,2024782.74,0,0,0,0,0,0,0,0,0,0,0,0,0,0,0,0,0,0,0,0,0,0,0,0,0,0,0,0,0,0,0,0,0,0,0
2012,Latvia,0,0,0,342356.77,2531140.47,0,0,0,0,0,0,0,0,0,0,0,0,0,0,0,0,0,0,0,0,0,0,0,0,0,0,0,0,0,0,0,0,0,0,0
2013,Latvia,0,0,0,204998.38,920685.21,0,0,0,0,0,0,0,0,0,0,0,0,0,0,0,0,0,0,0,0,0,0,0,0,0,0,0,0,0,0,0,0,0,0,0
2014,Latvia,0,93490.72,0,220192.50999999998,812373.57,0,0,0,0,518932.49,0,0,0,0,0,0,0,0,0,0,0,0,0,0,0,0,0,0,0,0,0,0,0,0,0,0,0,0,0,0
2015,Latvia,0,421909,0,137539,2482822,0,0,0,0,130452,0,0,0,0,0,0,0,0,0,0,0,0,0,0,0,0,0,0,0,0,0,0,0,0,0,0,0,0,0,0
2016,Latvia,0,599182,0,280366,2237587,0,0,0,0,2590788,0,0,0,0,0,0,0,0,0,0,0,0,0,0,29120,0,0,0,0,0,0,0,0,0,0,0,0,0,0,0
2017,Latvia,0,447115,0,435788,3615652,0,0,0,0,2421269,0,0,0,0,0,0,0,0,0,0,0,0,0,0,1331115,0,0,0,0,0,0,0,0,0,0,0,0,0,0,0
2018,Latvia,0,0,1312588,106714,0,0,0,7044333,0,0,0,0,0,0,0,0,0,0,0,0,0,0,0,0,0,0,0,0,0,0,0,0,0,0,0,0,0,0,0,0
2019,Latvia,0,11075,1335978,161877,0,0,0,6400348.9,0,0,0,0,0,0,0,0,0,0,0,0,0,0,0,0,0,0,0,0,0,0,0,0,0,0,0,0,0,0,0,0
2020,Latvia,0,0,892942,86983,0,0,0,2101713,4473612,0,0,0,0,0,0,0,0,0,0,0,0,0,0,0,0,0,0,0,0,0,0,0,0,0,0,0,0,0,0,0
2021,Latvia,0,0,1176709.27,0,0,0,0,7913908.5,1096045,0,0,0,0,0,0,0,0,0,0,0,0,0,0,0,0,0,0,0,0,0,0,0,0,0,0,0,0,0,0,0
2022,Latvia,0,0,1005415.06,0,0,0,0,6433772,1417738,0,0,0,0,0,0,0,0,0,0,0,0,0,0,0,0,0,0,0,0,0,0,0,0,0,0,0,0,0,0,0
2023,Latvia,0,0,1117127.1,0,0,0,0,5684778,1718808,0,0,0,0,0,0,0,0,0,0,0,0,0,0,0,0,0,0,0,0,0,0,0,0,0,0,0,0,0,0,0
2024,Latvia,0,0,1086453.28,21412,0,0,0,3437747,1589995,0,0,0,0,0,0,0,0,0,0,0,0,0,0,0,0,0,0,0,0,0,0,0,0,0,0,0,0,0,0,0
2008,Lithuania,0,0,0,62784.64,282123.58,0,0,0,0,0,0,0,0,0,0,0,0,0,0,0,0,0,0,0,0,0,0,0,0,0,0,0,0,0,0,0,0,0,0,0
2009,Lithuania,0,0,0,652495,307688.75,0,0,0,0,0,0,0,0,0,0,0,0,0,0,0,0,0,0,0,0,0,0,0,0,0,0,0,0,0,0,0,0,0,0,0
2010,Lithuania,0,0,0,351452.44,521205.13,0,0,0,0,0,0,0,0,0,0,0,0,0,0,0,0,0,0,0,0,0,0,0,0,0,0,0,0,0,0,0,0,0,0,0
2011,Lithuania,0,0,0,162153.94,1016044.25,0,0,0,0,0,0,0,0,0,0,0,0,0,0,0,0,0,0,0,0,0,0,0,0,0,0,0,0,0,0,0,0,0,0,0
2012,Lithuania,0,0,0,184758.93,1057485.41,0,0,0,0,0,0,0,0,0,0,0,0,0,0,0,0,0,0,0,0,0,0,0,0,0,0,0,0,0,0,0,0,0,0,0
2013,Lithuania,0,0,0,99635.67,20300.04,0,0,0,0,0,0,0,0,0,0,0,0,0,0,0,0,0,0,0,0,0,0,0,0,0,0,0,0,0,0,0,0,0,0,0
2014,Lithuania,0,0,0,241434.05,29517.370000000003,0,0,0,0,0,0,0,0,0,0,0,0,0,0,0,0,0,0,0,0,0,0,0,0,0,0,0,0,0,0,0,0,0,0,0
2015,Lithuania,0,0,0,421397,611274,0,0,0,0,0,0,0,0,0,0,0,0,0,0,0,0,0,0,0,0,0,0,0,0,0,0,0,0,0,0,0,0,0,0,0
2016,Lithuania,0,0,0,663474,1327183,0,0,0,0,0,0,0,0,0,0,0,0,0,0,0,0,0,0,0,0,0,0,0,0,0,0,0,0,0,0,0,0,0,0,0
2017,Lithuania,0,0,0,686410,1323288,0,0,0,0,0,0,0,0,0,0,0,0,0,0,0,0,0,0,0,0,0,0,0,0,0,0,0,0,0,0,0,0,0,0,0
2018,Lithuania,0,0,1707327,201889.32,0,0,0,1147223,0,0,0,0,0,0,0,0,0,0,0,0,0,0,0,0,0,0,0,0,0,0,0,0,0,0,0,0,0,0,0,0
2019,Lithuania,0,0,2399289,109407,0,0,0,925684.38,0,0,0,0,0,0,0,0,0,0,0,0,0,0,0,0,0,0,0,0,0,0,0,0,0,0,0,0,0,0,0,0
2020,Lithuania,0,0,0,308540,0,0,0,475660,2821369,0,0,0,0,0,0,0,0,0,0,0,0,0,0,0,0,0,0,0,0,0,0,0,0,0,0,0,0,0,0,0
2021,Lithuania,0,0,913072.73,30760.05,0,0,0,1685443.02,1196117,0,0,0,0,0,0,0,0,0,0,0,0,0,0,0,0,0,0,0,0,0,0,0,0,0,0,0,0,0,0,0
2022,Lithuania,0,0,917159.43,263107,0,0,0,1688160,786914,0,0,0,0,0,0,0,0,0,0,0,0,0,0,0,0,0,0,0,0,0,0,0,0,0,0,0,0,0,0,0
2023,Lithuania,0,0,1568828.6,104467,0,0,0,1300336,1403111,0,0,0,0,0,0,0,0,0,0,0,0,0,0,0,0,0,0,0,0,0,0,0,0,0,0,0,0,0,0,0
2024,Lithuania,0,0,2387924.83,369303,0,0,0,2175259,2163829,0,0,0,0,0,0,0,0,0,0,0,0,0,0,0,0,0,0,0,0,0,0,0,0,0,0,0,0,0,0,0
2008,Luxembourg,0,0,0,19559.36,562374.39,0,0,0,0,0,0,0,0,0,0,0,0,0,0,0,0,841930.75,0,0,0,0,0,0,0,0,0,0,0,328587.37,0,0,0,0,0,0
2009,Luxembourg,0,0,0,425095.29,725742.28,0,0,0,0,0,0,0,0,0,0,0,0,0,0,0,0,926862.01,0,0,0,0,0,0,0,0,0,0,0,1430714.81,0,0,0,0,0,0
2010,Luxembourg,0,0,0,25764,489230,0,0,0,0,0,0,0,0,0,0,0,0,0,0,0,0,1240908.5899999999,1069320.33,0,0,0,0,0,0,0,0,0,0,0,0,0,0,0,0,0
2011,Luxembourg,0,0,0,40770.38,614971.04,0,0,0,0,0,839339.23,0,0,0,0,0,0,0,0,0,0,0,440305.48,0,547094.83,0,0,0,0,0,0,0,0,0,0,0,0,0,0,0
2012,Luxembourg,0,0,0,17573.55,975201.66,0,0,0,0,0,710066.13,0,0,0,0,0,0,0,0,0,0,463677.8,0,0,261184.6,0,0,0,0,0,0,0,0,0,0,0,0,0,0,0
2013,Luxembourg,0,0,0,0,284877.4,0,0,0,0,0,242329.82,0,0,0,0,0,0,0,0,0,0,499720.2,289289.49,0,180834.87,0,0,0,0,0,0,0,0,0,0,0,0,0,0,0
2014,Luxembourg,0,0,0,12642.75,0,0,0,0,0,7875.2,0,0,0,0,0,0,0,0,0,0,0,0,0,0,0,0,0,0,0,0,0,0,0,0,0,0,0,0,0,0
2015,Luxembourg,0,0,0,53021,0,0,0,0,0,20898,0,0,0,0,0,0,0,0,0,0,0,0,0,0,0,0,0,0,0,0,0,0,0,0,0,0,0,0,0,0
2016,Luxembourg,0,0,0,43318,180454,0,0,0,0,142701,0,0,0,0,0,0,0,0,0,0,0,0,0,0,0,0,0,0,0,0,0,0,0,0,0,0,0,0,0,0
2017,Luxembourg,0,0,0,78638,1233876,0,0,0,0,2083258,0,0,0,0,0,0,0,0,0,0,0,0,0,0,0,0,0,0,0,0,0,0,0,0,0,0,0,0,0,0
2018,Luxembourg,0,0,272934,130144.37,0,0,0,2574067,0,0,0,0,0,0,0,0,0,0,0,0,0,0,0,0,0,0,0,0,0,0,0,0,0,0,0,0,0,0,0,0
2019,Luxembourg,0,0,255042,131842,0,0,0,2722846,0,0,0,0,0,0,0,0,0,0,0,0,0,0,0,0,0,0,0,0,0,0,0,0,0,0,0,0,0,0,0,0
2020,Luxembourg,0,0,0,73600,0,0,0,977640,2936826,0,0,0,0,0,0,0,0,0,0,0,0,0,0,0,0,0,0,0,0,0,0,0,0,0,0,0,0,0,0,0
2021,Luxembourg,0,0,297971.83,125915,0,0,0,3874359,209415,0,0,0,0,0,0,0,0,0,0,0,0,0,0,0,0,0,0,0,0,0,0,0,0,0,0,0,0,0,0,0
2022,Luxembourg,0,0,236408.37,0,0,0,0,3869973,209877,0,0,0,0,0,0,0,0,0,0,0,0,0,0,0,0,0,0,0,0,0,0,0,0,0,0,0,0,0,0,0
2023,Luxembourg,0,0,329667.65,79497,0,0,0,3910153.35,364155,0,0,0,0,0,0,0,0,0,0,0,0,0,0,0,0,0,0,0,0,0,0,0,0,0,0,0,0,0,0,0
2024,Luxembourg,0,0,451396.13,47918,0,0,0,4388575,494416,0,0,0,0,0,0,0,0,0,0,0,0,0,0,0,0,0,0,0,0,0,0,0,0,0,0,0,0,0,0,0
2008,Malta,0,0,0,0,123748.83,0,0,0,0,0,0,0,0,0,0,0,0,0,0,0,0,0,0,0,0,0,0,0,0,0,0,0,0,1133424.75,0,0,0,0,0,0
2009,Malta,0,0,0,11976.29,274782.2,0,0,0,0,0,0,0,0,0,0,0,0,0,0,0,0,0,0,0,0,0,0,0,0,0,0,0,0,922389.33,0,0,0,0,0,0
2010,Malta,0,0,0,138070.01,394403.58,0,0,0,0,0,0,0,0,0,0,0,0,0,0,0,0,0,0,0,0,0,0,0,0,0,0,0,0,0,0,0,0,0,0,0
2011,Malta,0,0,0,10376.85,323728.48000000004,0,0,0,0,0,0,0,0,0,0,0,0,0,0,0,0,0,0,0,0,0,0,0,0,0,0,0,0,0,0,0,0,0,0,0
2012,Malta,0,0,0,14488.62,146969.38999999998,0,0,0,0,0,0,0,0,0,0,0,0,0,0,0,0,0,0,0,167600.74,0,0,0,0,0,0,0,0,0,0,0,0,0,0,0
2013,Malta,0,0,0,62356.68,446077.01,0,0,0,0,0,195047.75,0,0,0,0,0,0,0,0,0,0,0,0,0,0,0,0,0,0,0,0,0,0,0,0,0,0,0,0,0
2014,Malta,0,0,0,56510.12,500363.98,0,0,0,0,398811.19999999995,0,0,0,0,0,0,0,0,0,0,0,0,0,0,0,0,0,0,0,0,0,0,0,0,0,0,0,0,0,0
2015,Malta,0,0,0,14851,408712,0,0,0,0,1436751,0,0,0,0,0,0,0,0,0,0,0,0,0,0,0,0,0,0,0,0,0,0,0,0,0,0,0,0,0,0
2016,Malta,0,179343,0,3444,471654,0,0,0,0,1560602,0,0,0,0,0,0,0,0,0,0,0,0,0,0,0,0,0,0,0,0,0,0,0,0,0,0,0,0,0,0
2017,Malta,0,114597,0,0,0,0,0,0,0,1858699,0,0,0,0,0,0,0,0,0,0,0,0,0,0,0,0,0,0,0,0,0,0,0,0,0,0,0,0,0,0
2018,Malta,0,0,477910,8808,0,0,0,240796,0,0,0,0,0,0,0,0,18035,0,0,0,0,0,0,0,0,0,0,0,0,0,0,0,0,0,0,0,0,0,0,0
2019,Malta,0,0,332239,0,0,0,0,256252,0,0,0,0,0,0,0,0,56653,0,0,0,0,0,0,0,0,0,0,0,0,0,0,0,0,0,0,0,0,0,0,0
2020,Malta,0,0,191398,3055,0,0,0,0,0,0,0,0,0,0,0,0,153842,0,0,0,0,0,0,0,0,0,0,0,0,0,0,0,0,0,0,0,0,0,0,0
2021,Malta,0,0,237697.19,53268,0,0,0,272666,518782,0,0,0,0,0,0,0,0,0,0,0,0,0,0,0,0,0,0,0,0,0,0,0,0,0,0,0,0,0,0,0
2022,Malta,0,0,264050.51,12090,0,0,0,226505,719650,0,0,0,0,0,0,0,0,0,0,0,0,0,0,0,0,0,0,0,0,0,0,0,0,0,0,0,0,0,0,0
2023,Malta,0,0,406394.03,15383,0,0,0,227741,775795,0,0,0,0,0,0,0,0,0,0,0,0,0,0,0,0,0,0,0,0,0,0,0,0,0,0,0,0,0,0,0
2024,Malta,0,0,461937.04000000004,38223,0,0,0,253110,740234,0,0,0,0,0,0,0,0,0,0,0,0,0,0,0,0,0,0,0,0,0,0,0,0,0,0,0,0,0,0,0
2008,Moldova,0,0,0,15232.8,0,0,0,0,0,0,0,0,0,0,0,0,0,0,0,0,0,0,0,0,0,0,0,0,0,0,0,0,0,0,0,0,0,0,0,0
2009,Moldova,0,0,0,0,0,0,0,0,0,0,0,0,0,0,0,0,0,0,0,12772.8,0,0,0,0,0,0,0,0,0,0,0,0,0,0,0,0,0,0,0,0
2010,Moldova,0,0,0,16868,0,0,0,0,0,0,0,0,0,0,0,0,0,0,0,0,0,0,0,0,0,0,0,0,0,0,0,0,0,0,0,0,0,0,0,0
2011,Moldova,0,0,0,20025.14,0,0,0,0,0,0,0,0,0,0,0,0,0,0,0,6168,0,0,0,0,0,0,0,0,0,0,0,0,0,0,0,0,0,0,0,0
2012,Moldova,0,0,0,0,0,0,0,0,0,0,0,0,0,0,0,0,0,0,3890.2,12473.78,0,0,0,0,0,0,0,0,0,0,0,0,0,0,0,0,0,0,0,0
2013,Moldova,0,0,0,9006,0,0,0,0,0,0,0,0,0,0,0,0,0,0,4181.8,5403.5,0,0,0,0,0,0,0,0,0,0,0,0,0,0,0,4904.88,0,0,0,0
2014,Moldova,0,0,0,22005.96,0,0,0,0,0,0,0,0,0,0,0,0,0,0,4114.15,6385.76,0,0,0,0,0,0,0,0,0,0,0,0,0,0,0,0,0,0,0,0
2015,Moldova,0,0,0,7235,0,0,0,0,0,0,0,0,0,0,0,0,0,0,7009,3585,0,0,0,0,0,0,0,0,0,0,0,0,0,0,0,0,0,0,0,0
2016,Moldova,0,0,0,25014,0,0,0,0,0,0,0,0,0,0,0,0,0,0,7519,34786,0,0,0,0,0,0,0,0,0,0,0,0,0,0,0,0,0,0,0,0
2017,Moldova,0,0,0,46503,0,0,0,0,0,0,0,0,0,0,0,0,0,0,7790,23586,0,0,0,0,0,0,0,0,0,0,0,0,0,0,0,0,0,0,0,0
2018,Moldova,0,0,71477.31,0,0,0,0,0,0,0,0,0,0,0,0,0,0,0,0,0,0,0,0,0,0,0,0,0,0,0,0,0,0,0,0,0,0,0,0,0
2019,Moldova,0,0,270614.55,0,0,0,0,0,0,0,0,0,0,0,0,0,0,0,0,0,0,0,0,0,0,0,0,0,0,0,0,0,0,0,0,0,0,0,0,0
2021,Moldova,0,0,0,35232.96,0,0,0,0,0,0,0,0,0,0,0,0,0,0,0,50691.25,0,0,0,0,0,0,0,0,0,0,0,0,0,0,0,0,0,0,0,0
2022,Moldova,0,0,0,0,0,0,0,0,0,0,0,0,0,0,0,0,0,0,9227.68,0,0,0,0,0,0,0,0,0,0,0,0,0,0,0,0,726277.48,0,0,0,0
2023,Moldova,0,0,0,12605.67,0,0,0,0,0,0,0,0,0,0,0,0,0,0,129159.70000000001,0,0,0,0,0,0,0,0,0,0,0,0,0,0,0,0,461179.63,0,0,0,0
2024,Moldova,0,0,0,20784.75,0,0,0,0,60197.13,0,0,0,0,0,0,0,0,0,0,0,0,0,0,0,0,0,0,0,0,0,0,0,0,0,0,277493.30000000005,0,0,0,0
2012,Montenegro,0,0,0,9604.2,0,0,0,0,0,0,0,0,0,0,0,0,0,0,0,0,0,0,0,0,0,0,0,0,0,0,0,0,0,0,0,0,0,0,0,0
2015,Montenegro,0,0,0,667,0,0,0,0,0,0,0,0,0,0,0,0,0,0,0,0,0,0,0,0,0,0,0,0,0,0,0,0,0,0,0,0,0,0,0,0
2016,Montenegro,0,0,0,0,0,0,0,0,0,0,0,0,0,0,0,0,0,0,0,5064,0,0,0,0,0,0,0,0,0,0,0,0,0,0,0,0,0,0,0,0
2017,Montenegro,0,0,0,7426,0,0,0,0,0,0,0,0,0,0,0,0,0,0,0,0,0,0,0,0,0,0,0,0,0,0,0,0,0,0,0,0,0,0,0,0
2018,Montenegro,0,0,0,2621.5,0,0,0,0,0,0,0,0,0,0,0,0,0,0,0,0,0,0,0,0,0,0,0,0,0,0,0,0,0,0,0,0,0,0,0,0
2019,Montenegro,0,0,0,2696.4,0,0,0,0,0,0,0,0,0,0,0,0,0,0,0,0,0,0,0,0,0,0,0,0,0,0,0,0,0,0,0,0,0,0,0,0
2020,Montenegro,0,0,29101.86,2696.4,0,0,0,0,0,0,0,0,0,0,0,0,0,0,0,0,0,0,0,0,0,0,0,0,0,0,0,0,0,0,0,0,0,0,0,0
2021,Montenegro,0,19073.82,0,24347.85,0,0,0,0,0,0,0,0,0,0,0,0,0,0,0,9192.37,0,0,0,0,0,0,0,95815.29,0,8844.62,0,19309.22,0,0,0,0,0,0,0,0
2022,Montenegro,0,0,0,8350.28,0,0,0,0,18466.059999999998,0,0,0,0,0,0,0,0,0,0,0,0,0,0,0,0,0,0,87484.27,0,0,0,0,0,0,0,0,0,0,0,0
2023,Montenegro,0,0,0,8595.31,0,0,0,0,0,0,0,0,0,0,0,0,0,0,0,0,0,0,0,0,0,0,0,23869.559999999998,0,0,0,0,0,0,0,140932.91,0,0,0,0
2024,Montenegro,0,0,0,0,0,0,0,0,0,0,0,0,0,0,0,0,0,0,0,0,0,0,0,0,0,0,0,0,0,0,0,0,0,0,0,89914.23999999999,0,0,0,0
2008,Netherlands,0,0,0,197633.97,96484.67,0,442569.59,0,0,0,0,0,0,0,0,0,0,0,0,0,0,0,0,0,0,0,0,0,0,0,0,0,0,0,0,0,0,0,0,0
2009,Netherlands,0,0,0,293341.74,156492.9,0,311035.65,0,0,0,0,0,0,0,0,0,0,0,0,0,0,0,0,0,0,0,0,0,0,0,0,0,0,0,0,0,0,0,0,0
2010,Netherlands,0,0,0,1033626.75,411383.16000000003,0,327386.52999999997,0,0,0,0,0,383476.24,0,0,0,0,0,0,0,0,0,0,0,0,0,0,0,0,0,0,0,0,0,0,0,0,0,0,0
2011,Netherlands,0,0,0,1381895.88,1405505.17,0,831421.78,0,0,0,0,0,1209843.92,0,0,0,0,0,0,0,0,0,0,0,0,0,0,0,0,0,0,0,0,0,0,0,0,0,0,0
2012,Netherlands,0,0,0,574739.29,1430913.96,0,399913.77999999997,0,0,0,0,0,1754078.71,0,0,0,0,0,0,0,0,0,0,0,0,0,0,0,0,0,0,0,0,0,0,0,0,0,0,0
2013,Netherlands,0,0,0,366488.27,753499.91,0,338308.4,0,0,0,0,0,745148.63,0,0,0,0,0,0,0,0,0,0,0,0,0,0,0,0,0,0,0,0,0,0,0,0,0,0,0
2014,Netherlands,0,0,0,781263,381453.62,0,545979.1,0,0,190896.54,0,0,591792.58,0,0,0,0,0,0,0,0,0,0,0,0,0,0,0,0,0,0,0,0,0,0,0,0,0,0,0
2015,Netherlands,0,1444917,0,445607,610137,0,560684,0,0,570619,0,0,44082,0,0,0,0,0,0,0,0,0,0,0,0,0,0,0,0,0,0,0,0,0,0,0,0,0,0,0
2016,Netherlands,0,1367097,0,859436,8145809,0,143754,0,0,2375283,0,0,0,0,0,0,0,0,0,0,0,0,0,0,0,0,0,0,0,0,0,0,0,0,0,0,0,0,0,0
2017,Netherlands,0,1902093,0,1219116,6185360,0,569678,0,0,1551329,0,0,0,0,0,0,0,0,0,0,0,0,0,0,0,0,0,0,0,0,0,0,0,0,0,0,0,0,0,0
2018,Netherlands,0,0,8915000,149975,5056.82,0,740570.15,222499,0,0,0,0,0,0,0,0,0,0,0,0,0,0,0,0,0,0,0,0,0,0,0,0,0,0,0,0,0,0,0,0
2019,Netherlands,0,87545,12211104,88649,0,0,0,612290,0,0,0,0,0,0,0,0,0,0,0,0,0,0,0,0,0,0,0,0,0,0,0,0,0,0,0,0,0,0,0,0
2020,Netherlands,0,6116.56,5000000,506945.26,0,0,0,0,1476428,0,0,0,0,0,0,0,0,0,0,0,0,0,0,0,0,0,0,0,0,0,0,0,0,0,0,0,0,0,0,0
2021,Netherlands,0,0,2312404.01,565563.4299999999,0,0,0,625037,1695410,0,0,0,0,0,0,0,0,0,0,0,0,0,0,0,0,0,0,0,0,0,0,0,0,0,0,0,0,0,0,0
2022,Netherlands,0,0,2486017.7,504254.04000000004,0,0,0,129519,2324953,0,0,0,0,0,0,0,0,0,0,0,0,0,0,0,0,0,0,0,0,0,0,0,0,0,0,0,0,0,0,0
2023,Netherlands,0,0,2926530.6399999997,334241.1,0,0,0,180085,3168459,0,0,0,0,0,0,0,0,0,0,0,0,0,0,0,0,0,0,0,0,0,0,0,0,0,0,0,0,0,0,0
2024,Netherlands,0,0,3572253.1,233299.65,0,0,0,765334,3424629,0,0,0,0,0,0,0,0,0,0,0,0,0,0,0,0,0,0,0,0,0,0,0,0,0,0,0,0,0,0,0
2015,Nigeria,0,0,0,0,0,0,0,0,0,0,0,0,0,0,0,0,0,0,5425,0,0,0,0,0,0,0,0,0,0,0,0,0,0,0,0,0,0,0,0,0
2016,Nigeria,0,0,0,0,0,0,0,0,0,9075,0,0,0,0,0,0,0,0,6274,0,0,0,0,0,0,0,0,0,0,0,0,0,0,0,0,0,0,0,0,0
2011,North Macedonia,0,0,0,16522.9,0,0,0,0,0,0,0,0,0,0,0,0,0,0,0,0,0,0,0,0,0,0,0,0,0,0,0,0,0,0,0,0,0,0,0,0
2012,North Macedonia,0,0,0,10736.93,0,0,0,0,0,0,0,0,0,0,0,0,0,0,0,0,0,0,0,0,0,0,0,0,0,0,0,0,0,0,0,0,0,0,0,0
2013,North Macedonia,0,0,0,12758.04,0,0,0,0,0,0,0,0,0,0,0,0,0,0,0,0,0,0,0,0,0,0,0,0,0,0,0,0,0,0,0,2244.43,0,0,0,0
2014,North Macedonia,0,0,0,22469.51,0,0,0,0,0,0,0,0,0,0,0,0,0,0,0,0,0,0,0,0,0,0,0,0,0,0,0,0,0,0,0,0,0,0,0,0
2015,North Macedonia,0,17745,0,16683,0,0,0,0,0,0,0,0,0,0,0,0,0,0,0,0,0,0,0,0,0,0,0,0,0,0,0,0,0,0,0,0,0,0,0,0
2016,North Macedonia,0,17908,0,29680,0,0,0,0,0,0,0,0,0,0,0,0,0,0,0,0,0,0,0,0,0,0,0,0,0,0,0,0,0,0,0,0,0,0,0,0
2017,North Macedonia,0,19483,0,38573,0,0,0,0,0,0,0,0,0,0,0,0,0,0,0,0,0,0,0,0,0,0,0,0,0,0,0,0,0,0,0,0,0,0,0,0
2018,North Macedonia,0,0,74892.09,0,0,0,0,0,0,0,0,0,0,0,0,0,0,0,0,0,0,0,0,0,0,0,0,0,0,0,0,0,0,0,0,0,0,0,0,0
2019,North Macedonia,0,0,76360.24,0,0,0,0,0,0,0,0,0,0,0,0,0,0,0,0,0,0,0,0,0,0,0,0,0,0,0,0,0,0,0,0,0,0,0,0,0
2021,North Macedonia,0,0,0,21153.75,0,0,0,0,0,0,0,0,0,0,0,0,0,0,0,0,0,0,0,0,0,0,0,0,0,0,0,39670.42,0,0,0,0,0,0,0,0
2022,North Macedonia,0,0,0,0,0,0,0,0,0,0,0,0,0,0,0,0,0,0,0,0,0,0,0,0,0,0,0,0,0,0,0,0,0,0,0,15817.81,0,0,0,0
2023,North Macedonia,0,0,0,16869.620000000003,0,0,0,0,0,0,0,0,0,0,0,0,0,0,0,0,0,0,0,0,0,0,0,0,0,0,0,0,0,0,0,304783,0,0,0,0
2024,North Macedonia,0,0,0,0,0,0,0,0,132615,0,0,0,0,0,0,0,0,0,0,0,0,0,0,0,0,0,0,0,0,0,0,0,0,0,0,251649.88,0,0,0,0
2008,Norway,0,0,0,16965.5,8318.61,0,0,0,0,0,0,0,0,0,0,0,0,0,0,0,0,0,0,0,0,0,0,0,0,0,0,0,0,0,0,0,0,0,0,0
2009,Norway,0,0,0,160602,0,0,93295.05,0,0,0,0,0,0,0,0,0,0,0,0,0,0,0,0,0,0,0,0,0,0,0,0,0,0,0,0,0,0,0,0,0
2010,Norway,0,0,0,122557.5,107043.77,0,388171.17,0,0,0,0,0,0,0,0,0,0,0,0,0,0,0,0,0,0,0,0,0,0,0,0,0,0,0,0,0,0,0,0,0
2011,Norway,0,0,0,125712.63,92288.7,0,901218.9,0,0,0,0,0,0,0,0,0,0,0,0,0,0,0,0,0,0,0,0,0,0,0,0,0,0,0,0,0,0,0,0,0
2012,Norway,0,0,0,119166.61,33183.41,0,700134.27,0,0,0,0,0,0,0,0,0,0,0,0,0,0,0,0,0,0,0,0,0,0,0,0,0,0,0,0,0,0,0,0,0
2013,Norway,0,0,0,151386.41,15756.1,0,219295.3,0,0,0,0,0,0,0,0,0,0,0,0,0,0,0,0,0,0,0,0,0,0,0,0,0,0,0,0,0,0,0,0,0
2014,Norway,0,0,0,118821.83,31857.559999999998,0,640303.04,0,0,0,0,0,0,0,0,0,0,0,0,0,0,0,0,0,0,0,0,0,0,0,0,0,0,0,0,0,0,0,0,0
2015,Norway,0,23566,0,115000,1609174,0,553030,0,0,5360557,0,0,0,0,0,0,0,0,0,0,0,0,0,0,0,0,0,0,0,0,0,0,0,0,0,0,0,0,0,0
2016,Norway,0,23419,0,74261,1809328,0,1150321,0,0,8190673,0,0,0,0,0,0,0,0,0,0,0,0,0,0,0,0,0,0,0,0,0,0,0,0,0,0,0,0,0,0
2017,Norway,0,27986,0,181558,849826,0,549134,0,0,7511098,0,0,0,0,0,0,0,0,0,0,0,0,0,0,0,0,0,0,0,0,0,0,0,0,0,0,0,0,0,0
2018,Norway,1590,142440,464962,0,66493,0,646144.57,0,0,0,0,0,0,0,0,0,0,0,0,0,0,0,0,0,0,0,0,0,0,0,0,0,0,0,0,0,655263.8300000001,0,0,0
2019,Norway,369513.84,668341,764214,19384,0,0,0,0,0,0,0,0,0,0,0,0,0,0,0,0,0,0,0,0,0,0,0,0,0,0,0,0,0,0,0,0,0,0,0,0
2020,Norway,98990.62,192136.46,0,30361,0,0,0,0,846385,0,0,0,0,0,0,0,0,0,0,0,0,0,0,0,0,0,0,0,0,0,0,0,0,0,0,0,0,0,0,0
2021,Norway,279850.8,0,795096.39,0,0,0,0,0,403009,0,0,0,0,0,0,0,0,0,0,0,0,0,0,0,0,0,0,0,0,0,0,0,0,0,0,0,0,0,0,0
2022,Norway,1742626.26,0,675455.35,0,0,0,0,0,367174,0,0,0,0,0,0,0,0,0,0,0,0,0,0,0,0,0,0,0,0,0,0,0,0,0,0,0,0,0,0,0
2023,Norway,489223.25,0,885051.8699999999,38671.08,0,0,0,0,512304,0,0,0,0,0,0,0,0,0,0,0,0,0,0,0,0,0,0,0,0,0,0,0,0,0,0,0,0,0,0,0
2024,Norway,510614.87,0,1339340.94,0,0,0,0,0,1158491,0,0,0,0,0,0,0,0,0,0,0,0,0,0,0,0,0,0,0,0,0,0,0,0,0,0,0,0,0,0,0
2022,Pakistan,0,0,0,0,0,303960,0,0,0,0,0,0,0,0,0,0,0,0,0,0,0,0,0,0,0,0,0,0,0,0,0,0,0,0,0,0,0,0,0,0
2023,Pakistan,0,0,0,0,0,1219819,0,0,0,0,0,0,0,0,0,0,0,0,0,0,0,0,0,0,0,0,0,0,0,0,0,0,0,0,0,0,0,0,0,0
2024,Pakistan,0,0,0,0,0,1004746,0,0,0,0,0,0,0,0,0,0,0,0,0,0,0,0,0,0,0,0,0,0,0,0,0,0,0,0,0,0,0,0,0,0
2008,Poland,0,0,0,266495.14,0,0,0,0,0,0,0,0,0,0,0,0,0,0,0,0,0,0,0,0,0,0,0,0,0,0,0,0,0,0,0,0,0,0,0,0
2009,Poland,0,0,0,887511.97,515568,0,0,0,0,0,0,0,0,0,0,0,0,0,0,0,0,0,0,0,0,0,0,0,0,0,0,0,0,0,0,0,0,0,0,0
2010,Poland,0,0,0,617854.5700000001,945374.33,0,0,0,0,0,0,0,0,0,0,0,0,0,0,0,0,0,0,0,0,0,0,0,0,0,0,0,0,0,0,0,0,0,0,0
2011,Poland,0,0,0,977135.02,843877.8300000001,0,0,0,0,0,0,0,0,0,0,0,0,0,0,0,0,0,0,0,0,0,0,0,0,0,0,0,0,0,0,0,0,0,0,0
2012,Poland,0,0,0,908651.19,481553.07,0,0,0,0,0,0,0,0,0,0,0,0,0,0,0,0,0,0,0,0,0,0,0,0,0,0,0,0,0,0,0,0,0,0,0
2013,Poland,0,0,0,316731,343614.45,0,0,0,0,0,0,0,0,0,0,0,0,0,0,0,0,0,0,0,0,0,0,0,0,0,0,0,0,0,0,0,0,0,0,0
2014,Poland,0,12773.66,0,471832.87,306207.29,0,0,0,0,0,0,0,0,0,0,0,0,0,0,0,0,0,0,0,0,0,0,0,0,0,0,0,0,0,0,0,0,0,0,0
2015,Poland,0,358506,0,342307,498304,0,0,0,0,0,0,0,0,0,0,0,0,0,0,0,0,0,0,0,0,0,0,0,0,0,0,0,0,0,0,0,0,0,0,0
2016,Poland,0,857225,0,829429,2969279,0,0,0,0,0,0,0,0,0,0,0,0,0,0,0,0,0,0,0,0,0,0,0,0,0,0,0,0,0,0,0,0,0,0,0
2017,Poland,0,804203,0,956939,1459709,0,0,0,0,0,0,0,0,0,0,0,0,0,0,0,0,0,0,0,0,0,0,0,0,0,0,0,0,0,0,0,0,0,0,0
2018,Poland,72886,17327,2600000,104704,0,0,0,781422,0,0,0,0,0,0,0,0,0,0,0,0,0,0,0,0,0,0,0,0,0,0,0,0,0,0,0,0,0,0,0,0
2019,Poland,0,166733,3478095.46,0,0,0,0,224016,0,0,0,0,0,0,0,0,0,0,0,0,0,0,0,0,0,0,0,0,0,0,0,0,0,0,0,0,0,0,0,0
2020,Poland,162026.88,0,0,34669.520000000004,0,0,0,0,3602485,0,0,0,0,0,0,0,0,0,0,0,0,0,0,0,0,0,0,0,0,0,0,0,0,0,0,0,0,0,2276485.67,0
2021,Poland,467093.33999999997,0,1918082.87,0,0,0,0,488682,3392772,0,0,0,0,0,0,0,0,0,0,0,0,0,0,0,0,0,0,0,0,0,0,0,0,0,0,0,0,0,0,0
2022,Poland,414979.03,0,2172393.5,0,0,0,0,1134998,2849312,0,0,0,0,0,0,0,0,0,0,0,0,0,0,0,0,0,0,0,0,0,0,0,0,0,0,0,0,0,0,0
2023,Poland,430008.31,0,3067620.3,289672.2,0,0,0,955952,3803581,0,0,0,0,0,0,0,0,0,0,0,0,0,0,0,0,0,0,0,0,0,0,0,0,0,0,0,0,0,0,0
2024,Poland,558808.14,0,3922863.76,0,0,0,0,1073713,3712172,0,0,0,0,0,0,0,0,0,0,0,0,0,0,0,0,0,0,0,0,0,0,0,0,0,0,0,0,0,0,0
2008,Portugal,0,0,0,619221.9,64344.659999999996,0,0,0,0,0,0,0,0,0,0,0,0,0,0,0,0,0,0,0,399046,0,0,0,0,0,0,0,0,0,0,0,0,0,0,0
2009,Portugal,0,0,0,405701.95,0,0,0,0,0,0,0,0,0,0,0,0,0,0,0,0,0,0,24936.01,0,699818.12,0,0,0,0,0,0,0,0,0,0,0,0,0,0,0
2010,Portugal,0,0,0,138067.6,369973.69,0,0,0,0,0,0,0,0,0,0,0,0,0,0,0,0,0,0,0,350210.73,0,0,0,0,0,0,0,0,0,0,0,0,0,0,0
2011,Portugal,0,0,0,250797.98,1442055.1099999999,0,0,0,0,0,16261.53,0,0,0,0,0,0,0,0,0,0,0,2335727.0900000003,0,597795.26,0,0,0,0,0,0,0,0,0,0,0,0,0,0,0
2012,Portugal,0,0,0,234934.59,886927.7300000001,0,0,0,0,0,566346.1100000001,0,0,0,0,0,0,0,0,0,0,0,631048.3,0,621201.29,0,0,0,0,0,0,0,0,0,0,0,0,0,0,0
2013,Portugal,0,0,0,211813.41,989420.21,0,0,0,0,0,10542.11,0,0,0,0,0,0,0,0,0,0,0,1568932.27,0,568297.12,0,0,0,0,0,0,0,0,0,0,0,0,0,0,0
2014,Portugal,0,0,0,235051.3,1043147.86,0,0,0,0,511845.93,865758.86,0,0,0,0,0,0,0,0,0,0,0,315329.48,0,951780.88,0,0,0,0,0,0,0,0,0,0,0,0,0,0,0
2015,Portugal,0,0,0,408293,623967,0,0,0,0,2580036,0,0,0,0,0,0,0,0,0,0,0,0,0,0,1465644,0,0,0,0,0,0,0,0,0,0,0,0,0,0,0
2016,Portugal,0,0,0,736254,2893758,0,0,0,0,6677379,0,0,0,0,0,0,0,0,0,0,0,0,0,0,16305,0,0,0,0,0,0,0,0,0,0,0,0,0,0,0
2017,Portugal,0,0,0,1310154,2893864,0,0,0,0,2992701,0,0,0,0,0,0,0,0,0,0,0,0,0,0,2973599,0,0,0,0,0,0,0,0,0,0,0,0,0,0,0
2018,Portugal,0,0,3004502.8,451554.59,0,0,0,9116431,0,12743.7,0,0,0,0,0,0,0,0,0,0,0,0,0,0,0,0,0,0,0,0,0,0,0,0,0,0,0,0,0,0
2019,Portugal,0,0,2722855.68,262809.73,0,0,0,8081790.67,0,0,0,0,0,0,0,0,0,0,0,0,0,0,0,0,0,0,0,0,0,0,0,0,0,0,0,0,0,0,0,0
2020,Portugal,0,0,284634,218751.9,0,0,0,486375,6335178,0,0,0,0,0,0,0,0,0,0,0,0,0,0,0,0,0,0,0,0,0,0,0,0,0,0,0,0,0,0,0
2021,Portugal,0,0,2232255.4499999997,12038,0,0,0,4386989,1966708,0,0,0,0,0,0,0,0,0,0,0,0,0,0,0,148618,0,0,0,0,0,0,0,0,0,0,0,0,0,0,0
2022,Portugal,0,0,1870185.74,85439.94,0,0,0,6534794,1442244,0,0,0,0,0,0,0,0,0,0,0,0,0,0,0,0,0,0,0,0,0,0,0,0,0,0,0,0,0,0,3263994.71
2023,Portugal,0,0,2897015.11,107365.70999999999,0,0,0,8396143.5,1767525,0,0,0,0,0,0,0,0,0,0,0,0,0,0,0,0,0,0,0,0,0,0,0,0,0,0,0,0,0,0,680468.46
2024,Portugal,0,0,3230340.46,69239,0,0,0,7243788.45,2211791,0,0,0,0,0,0,0,0,0,0,0,0,0,0,0,0,0,0,0,0,0,0,0,0,0,0,0,0,0,0,3248905.59
2008,Romania,0,0,0,967330.81,44603.08,0,0,0,0,0,0,0,0,0,0,0,0,0,0,0,0,0,0,0,0,0,0,0,0,0,0,0,0,0,0,0,0,0,0,0
2009,Romania,0,0,0,352500.92,245379.2,0,0,0,0,0,0,0,0,0,0,0,0,0,0,0,0,0,0,0,0,0,0,0,0,0,0,0,0,0,0,0,0,0,0,0
2010,Romania,0,0,0,897941.15,713524.3099999999,0,0,0,0,0,0,0,0,0,0,0,0,0,0,0,0,0,0,0,0,0,0,0,0,0,0,0,0,0,0,0,0,0,0,0
2011,Romania,0,0,0,1323670.03,2443116.83,0,0,0,0,0,0,0,0,0,0,0,0,0,0,0,0,0,0,0,0,0,0,0,0,0,0,0,0,0,0,0,0,0,0,0
2012,Romania,0,0,0,1351457.0799999998,2065995.63,0,0,0,0,0,0,0,0,0,0,0,0,0,0,0,0,0,0,0,0,0,0,0,0,0,0,0,0,0,0,0,0,0,0,0
2013,Romania,0,0,0,1291167.81,537691.93,0,0,0,0,0,0,0,0,0,0,0,0,0,0,0,0,0,0,0,0,0,0,0,0,0,0,0,0,0,0,0,0,0,0,0
2014,Romania,0,46711.92,0,774225.52,1288362.59,0,0,0,0,413435.66,0,0,0,0,0,0,0,0,0,0,0,0,0,0,0,0,0,0,0,0,0,0,0,0,0,0,0,0,0,0
2015,Romania,0,910130,0,569303,465337,0,0,0,0,501706,0,0,0,0,0,0,0,0,0,0,0,0,0,0,0,0,0,0,0,0,0,0,0,0,0,0,0,0,0,0
2016,Romania,0,1331284,0,797535,2470224,0,0,0,0,1847655,0,0,0,0,0,0,0,0,0,0,0,0,0,0,0,0,0,0,0,0,0,0,0,0,0,0,0,0,0,0
2017,Romania,0,1146957,0,1211331,3639958,0,0,0,0,677492,0,0,0,0,0,0,0,0,0,0,0,0,0,0,0,0,0,0,0,0,0,0,0,0,0,0,0,0,0,0
2018,Romania,0,0,2236049,219913.6,0,0,0,1451594,0,0,0,0,0,0,0,0,0,0,0,0,0,0,0,0,0,0,0,0,0,0,0,0,0,0,0,0,0,0,0,0
2019,Romania,0,9293,2091034.16,305472.14,0,0,0,2005540,0,0,0,0,0,0,0,0,0,0,0,0,0,0,0,0,0,0,0,0,0,0,0,0,0,0,0,0,0,0,0,0
2020,Romania,0,10935,91761,257275,0,0,0,801579,4471092.59,0,0,0,0,0,0,0,0,0,0,0,0,0,0,0,0,0,0,0,0,0,0,0,0,0,0,0,0,0,0,0
2021,Romania,0,0,1996225.6,51694,0,0,0,3231927,3473414,0,0,0,0,0,0,0,0,0,0,0,0,0,0,0,0,0,0,0,0,0,0,0,0,0,0,0,0,0,0,0
2022,Romania,0,0,1742713.29,624611,0,0,0,1418860,4965269,0,0,0,0,0,0,0,0,0,0,0,0,0,0,0,0,0,0,0,0,0,0,0,0,0,0,0,0,0,0,0
2023,Romania,0,0,2395307.1100000003,571230,0,0,0,7753620,5231427,0,0,0,0,0,0,0,0,0,0,0,0,0,0,0,0,0,0,0,0,0,0,0,0,0,0,0,0,0,0,0
2024,Romania,0,0,1991306.9100000001,82762.36,0,0,0,5517966,3120410,0,0,0,0,0,0,0,0,0,0,0,0,0,0,0,0,0,0,0,0,0,0,0,0,0,0,0,0,0,0,0
2009,Serbia,0,0,0,0,0,0,0,0,0,0,0,0,0,0,0,0,0,0,0,0,0,0,0,0,0,0,0,0,0,0,0,0,0,0,34023.2,0,0,0,0,0
2010,Serbia,0,0,0,0,0,0,0,0,0,0,0,0,0,0,0,0,0,0,0,6866.4,0,0,0,0,0,0,0,0,0,0,0,0,0,0,65672.17,0,0,0,0,0
2011,Serbia,0,0,0,0,0,0,0,0,0,0,0,0,0,0,0,0,0,0,0,111888.9,0,0,0,22697.06,0,0,0,0,0,0,0,0,0,0,0,0,0,0,0,0
2012,Serbia,0,0,0,0,0,0,0,0,0,0,0,0,0,0,0,0,0,0,0,0,0,0,0,4550.57,0,0,0,0,0,0,0,0,0,0,3657.8,0,0,0,0,0
2013,Serbia,0,0,0,5375.68,0,0,0,0,0,0,0,0,0,0,0,0,0,0,4618.12,0,0,0,0,0,0,0,0,0,0,0,0,0,0,0,3571.71,4634.17,0,0,0,0
2014,Serbia,0,11089.48,0,0,0,0,0,0,0,0,0,0,0,0,0,0,0,0,0,0,0,0,0,0,0,0,0,0,0,0,0,0,0,0,0,0,0,0,0,0
2015,Serbia,0,136465,0,6114,0,0,0,0,0,0,0,0,0,0,0,0,0,0,8483,0,0,0,0,0,0,0,0,0,0,0,0,0,0,0,0,0,0,0,0,0
2016,Serbia,0,83015,0,0,0,0,0,0,0,0,0,0,0,0,0,0,0,0,0,8294,0,0,0,0,0,0,0,0,0,0,0,0,0,0,0,0,0,0,0,0
2017,Serbia,0,100074,0,0,0,0,0,0,0,0,0,0,0,0,0,0,0,0,0,0,0,0,0,0,0,0,0,0,0,0,0,0,0,0,0,0,0,0,0,0
2018,Serbia,0,0,99856.68,0,0,0,0,0,0,0,0,0,0,0,0,0,0,0,0,0,0,0,0,0,0,0,0,0,0,0,0,0,0,0,0,0,0,0,0,0
2019,Serbia,0,0,83359.42,7188.26,0,0,0,0,0,0,0,0,0,0,0,0,0,0,0,0,0,0,0,0,0,0,0,0,0,0,0,0,0,0,0,0,0,0,0,0
2020,Serbia,0,0,0,12504.13,0,0,0,0,0,0,0,0,0,0,0,0,0,0,0,0,0,0,0,0,0,0,0,0,0,0,0,0,0,0,0,0,0,0,0,0
2021,Serbia,0,0,0,0,0,0,0,0,0,0,0,0,0,0,0,0,0,0,0,0,0,0,0,0,0,0,0,0,0,0,0,0,0,0,0,375277.89999999997,0,0,0,0
2022,Serbia,0,0,0,0,0,0,0,0,0,0,0,0,0,0,0,0,0,0,0,0,0,0,0,0,0,0,0,0,0,0,0,0,0,0,0,415992.46,0,0,0,0
2023,Serbia,0,0,0,0,0,0,0,0,0,0,0,0,0,0,0,0,0,0,8360.98,0,0,0,0,0,0,0,0,0,0,0,0,0,0,0,0,406533.32,0,0,0,0
2024,Serbia,0,0,0,0,0,0,0,0,0,0,0,0,0,0,0,0,0,0,21895.41,0,0,0,0,0,0,0,0,0,0,0,0,0,0,0,0,378960.92,0,0,0,0
2008,Slovakia,0,0,0,128405.42,0,0,0,0,0,0,0,0,0,0,0,0,0,0,0,0,0,0,0,0,0,0,0,0,0,0,0,0,0,0,0,0,0,0,0,0
2009,Slovakia,0,0,0,222007.83000000002,65393.09,0,0,0,0,0,0,0,0,0,0,0,0,0,0,318783.4,0,0,0,0,0,0,43705.08,0,0,0,0,0,0,0,0,0,0,0,0,0
2010,Slovakia,0,0,0,281492.85,116481.7,0,0,0,0,0,0,0,0,0,0,0,0,0,0,11462.09,0,0,0,0,0,0,170288.82,0,0,0,0,0,0,0,0,0,0,0,0,0
2011,Slovakia,0,0,0,272719.76,56353.14,0,0,0,0,0,0,0,0,0,0,0,0,0,0,35645.1,0,0,0,0,0,0,17901.489999999998,0,0,0,0,0,0,0,0,0,0,0,0,0
2012,Slovakia,0,0,0,144764.07,116032.02,0,0,0,0,0,0,0,0,0,0,0,0,0,0,26676.480000000003,0,0,0,0,0,0,7160.56,0,0,0,0,0,0,0,0,0,0,0,0,0
2013,Slovakia,0,0,0,155957.05,36270.86,0,0,0,0,0,0,0,0,0,0,0,0,0,0,27396.29,0,0,0,0,0,0,7495.35,0,0,0,0,0,0,0,0,0,0,0,0,0
2014,Slovakia,0,38829.64,0,131686.96,8995.5,0,0,0,0,0,0,0,0,0,0,0,0,0,0,29420.39,0,0,0,0,0,0,0,0,0,0,0,0,0,0,0,0,0,0,0,0
2015,Slovakia,0,48055,0,71768,216692,0,0,0,0,38274,0,0,0,0,0,0,0,0,0,13692,0,0,0,0,0,0,0,0,0,0,0,0,0,0,0,0,0,0,0,0
2016,Slovakia,0,366210,0,77732,297677,0,0,0,0,395002,0,0,0,0,0,0,0,0,0,23892,0,0,0,0,0,0,0,0,0,0,0,0,0,0,0,0,0,0,0,0
2017,Slovakia,0,29273,0,99363,287722,0,0,0,0,192555,0,0,0,0,0,0,0,0,0,19115,0,0,0,0,0,0,0,0,0,0,0,0,0,0,0,0,0,0,0,0
2018,Slovakia,0,0,920000,15002,0,0,0,79022,0,0,0,0,0,0,0,0,0,0,0,0,0,0,0,0,0,0,0,0,0,0,0,0,0,0,0,0,0,0,0,0
2019,Slovakia,0,0,635132,0,0,0,0,92808,0,0,0,0,0,0,0,0,0,0,0,0,0,0,0,0,0,0,0,0,0,0,0,0,0,0,0,0,0,0,0,0
2020,Slovakia,0,0,0,1453,0,0,0,93755,656344,0,0,0,0,0,0,0,0,313804,0,0,0,0,0,0,0,0,0,0,0,0,0,0,0,0,0,0,0,0,0,0
2021,Slovakia,0,0,524706.42,9533,0,0,0,93090,449560,0,0,0,0,0,0,0,0,0,0,0,0,0,0,0,0,0,0,0,0,0,0,0,0,0,0,0,0,0,0,0
2022,Slovakia,0,0,860590.7000000001,78108,0,0,0,211089,862051,0,0,0,0,0,0,0,0,0,0,0,0,0,0,0,0,0,0,0,0,0,0,0,0,0,0,0,0,0,0,0
2023,Slovakia,0,0,1127928.8399999999,48628,0,0,0,112660,1226492,0,0,0,0,0,0,0,0,0,0,0,0,0,0,0,0,0,0,0,0,0,0,0,0,0,0,0,0,0,0,0
2024,Slovakia,0,0,901445.78,13784,0,0,0,0,682858,0,0,0,0,0,0,0,0,0,0,0,0,0,0,0,0,0,0,0,0,0,0,0,0,0,0,0,0,0,0,0
2008,Slovenia,0,0,0,88033.97,0,0,0,0,0,0,0,0,0,0,0,0,0,0,0,0,0,0,0,0,0,0,0,0,0,0,0,0,0,0,0,0,0,0,0,0
2009,Slovenia,0,0,0,130203.01000000001,20636,0,0,0,0,0,0,0,0,0,0,0,0,0,0,0,0,0,0,0,0,0,0,0,0,0,0,0,0,0,0,0,0,0,0,0
2010,Slovenia,0,0,0,220083.64,39698.75,0,0,0,0,0,0,0,0,0,0,0,0,0,0,0,0,0,0,0,0,0,0,0,0,0,0,0,0,0,0,0,0,0,0,0
2011,Slovenia,0,0,0,130834.99,110064.17,0,0,0,0,0,0,0,0,0,0,0,0,0,0,0,0,0,0,0,0,0,0,0,0,0,0,0,0,0,0,0,0,0,0,0
2012,Slovenia,0,0,0,163883.56,128399.26999999999,0,0,0,0,0,0,0,0,0,0,0,0,0,0,0,0,0,0,0,0,0,0,0,0,0,0,0,0,0,0,0,0,0,0,0
2013,Slovenia,0,0,0,167384.27,56427.2,0,0,0,0,0,0,0,0,0,0,0,0,0,0,0,0,0,0,0,0,0,0,0,0,0,0,0,0,0,0,0,0,0,0,0
2014,Slovenia,0,28654.6,0,203948.86,47092.84,0,0,0,0,0,0,0,0,0,0,0,0,0,0,0,0,0,0,0,0,0,0,0,0,0,0,0,0,0,0,0,0,0,0,0
2015,Slovenia,0,104763,0,201082,13957,0,0,0,0,0,0,0,0,0,0,0,0,0,0,0,0,0,0,0,0,0,0,0,0,0,0,0,0,0,0,0,0,0,0,0
2016,Slovenia,0,343528,0,209456,123937,0,0,0,0,0,0,0,0,0,0,0,0,0,0,0,0,0,0,0,0,0,0,0,0,0,0,0,0,0,0,0,0,0,0,0
2017,Slovenia,0,93056,0,261424,34869,0,0,0,0,0,0,0,0,0,0,0,0,0,0,0,0,0,0,0,0,0,0,0,0,0,0,0,0,0,0,0,0,0,0,0
2018,Slovenia,0,0,477953,37147,0,0,0,0,0,0,0,0,0,0,0,0,0,0,0,0,0,0,0,0,0,0,0,0,0,0,0,0,0,0,0,0,0,0,0,0
2019,Slovenia,0,19530,466429,0,0,0,0,0,0,0,0,0,0,0,0,0,0,0,0,0,0,0,0,0,0,0,0,0,0,0,0,0,0,0,0,0,0,0,0,0
2020,Slovenia,12200,0,0,0,0,0,0,0,519485,0,0,0,0,0,0,0,0,336048,0,0,0,0,0,0,0,0,0,0,0,0,0,0,0,0,0,0,0,0,0,0
2021,Slovenia,35195,0,656082.53,0,0,0,0,0,705471,0,0,0,0,0,0,0,0,0,0,0,0,0,0,0,0,0,0,0,0,0,0,0,0,0,0,0,0,0,0,0
2022,Slovenia,372246,0,977888.11,0,0,0,0,0,991149,0,0,0,0,0,0,0,0,0,0,0,0,0,0,0,0,0,0,0,0,0,0,0,0,0,0,0,0,0,0,0
2023,Slovenia,53390.17,0,1220109.73,0,0,0,0,0,1160886,0,0,0,0,0,0,0,0,0,0,0,0,0,0,0,0,0,0,0,0,0,0,0,0,0,0,0,0,0,0,0
2024,Slovenia,12790,0,463256.43,0,0,0,0,0,1046349,0,0,0,0,0,0,0,0,0,0,0,0,0,0,0,0,0,0,0,0,0,0,0,0,0,0,0,0,0,0,0
2008,Spain,0,0,0,316911.2,0,0,1029730,0,0,0,0,0,0,0,0,0,0,0,0,0,0,6326440.59,347161.28,0,305063,0,0,0,0,0,0,0,0,0,0,0,0,0,0,0
2009,Spain,0,0,0,457105.13,0,0,708725.4299999999,0,0,0,0,0,0,0,0,0,0,0,0,0,0,5453049.69,514275.5,0,1299578.12,0,0,0,0,0,0,0,0,0,0,0,0,0,0,0
2010,Spain,0,0,0,610946.16,0,0,1130932.77,0,0,0,0,0,0,0,0,0,0,0,0,0,0,3729724.06,0,0,1700258.82,0,0,0,0,0,0,0,0,0,0,0,0,0,0,0
2011,Spain,0,0,0,888691.45,0,0,2233065.69,0,0,0,0,0,0,0,0,0,0,0,0,0,0,2550890.05,934299.8200000001,0,2378107.41,0,0,0,0,0,0,0,0,0,0,0,0,0,0,0
2012,Spain,0,0,0,808792.8,0,0,1457136.44,0,0,0,0,0,0,0,0,0,0,0,0,0,0,1413945.13,841101.69,0,1736285.62,0,0,0,0,0,0,0,0,0,0,0,0,0,0,0
2013,Spain,0,0,0,871039.85,0,0,2214926.26,0,0,0,0,0,0,0,0,0,0,0,0,0,0,899880.89,660402.59,0,1678665.49,0,0,0,0,0,0,0,0,0,0,0,0,0,0,0
2014,Spain,0,56219.15,0,2191831.2199999997,0,0,1875745,0,0,814860.72,0,0,0,0,0,0,0,0,0,0,0,656827.87,1080774.1400000001,0,1212005.7,0,0,0,0,0,0,0,0,0,0,0,0,0,0,0
2015,Spain,0,374836,0,1166304,0,0,11719,0,0,3186015,0,0,0,0,0,0,0,0,0,0,0,694675,746,0,1446708,0,0,0,0,0,0,0,0,0,0,0,0,0,0,0
2016,Spain,0,761239,0,1136988,0,0,2674716,0,0,4572101,0,0,0,0,0,0,0,0,0,0,0,711462,0,0,1194771,0,0,0,0,0,0,0,0,0,0,0,0,0,0,0
2017,Spain,0,754340,0,926642,0,0,3370654,0,0,3944721,0,0,0,0,0,0,0,0,0,0,0,648677,0,0,2583936,0,0,0,0,0,0,0,0,0,0,0,0,0,29215,0
2018,Spain,0,1095722,2312574,149684,0,0,1490922,6404512,0,0,0,0,0,0,0,0,0,0,0,0,0,0,0,0,0,0,0,0,0,0,0,0,0,0,0,0,1229481,0,0,0
2019,Spain,0,3899204,1902059,145343,0,0,0,5098315.0600000005,0,0,0,0,0,0,0,0,0,0,0,0,0,0,0,0,0,0,0,0,0,0,0,0,0,0,0,0,0,0,0,0
2020,Spain,1006705.1799999999,0,0,155566,0,0,0,1695266.8,4731127.28,0,0,0,0,0,0,0,0,1121881,0,0,0,0,0,0,0,0,0,0,0,0,0,0,0,0,0,0,0,0,1235213,0
2021,Spain,2625301,0,2183871.7399999998,0,0,0,0,3829398.65,3830500,0,0,0,0,0,0,0,0,0,0,0,0,0,0,0,409983,0,0,0,0,0,0,0,0,0,0,0,0,0,0,3910759.43
2022,Spain,2026883,0,2599786.83,3852.14,0,0,0,3081210,4084000,0,0,0,0,0,0,0,0,0,0,0,0,0,0,0,0,0,0,0,0,0,0,0,0,0,0,0,0,0,0,6877162
2023,Spain,4119952,0,3585339.58,0,0,0,0,5530106,3688130,0,0,0,0,0,0,0,0,0,0,0,0,0,0,0,0,0,0,0,0,0,0,0,0,0,0,0,0,0,0,0
2024,Spain,3793040,0,4104925.0700000003,0,0,0,0,1702868,3444316,0,0,0,0,0,0,0,0,0,0,0,0,0,0,0,0,0,0,0,0,0,0,0,0,0,0,0,0,0,0,5067767.25
2008,Sweden,0,0,0,40009.6,67107.09,0,143832,0,0,0,0,0,0,0,0,0,0,0,0,0,0,0,0,0,0,0,0,0,0,0,0,0,0,0,0,0,0,0,0,0
2009,Sweden,0,0,0,98470,542501,0,774878.16,0,0,0,0,0,0,0,0,0,0,0,0,0,0,0,0,0,0,0,0,0,0,0,0,0,0,0,0,0,0,0,0,0
2010,Sweden,0,0,0,206408.32,684847.2,0,1014985.39,0,0,0,0,0,0,0,0,0,0,0,0,0,0,0,0,0,0,0,0,0,0,0,0,0,0,0,0,0,0,0,0,0
2011,Sweden,0,0,0,227194.1,20183,0,956189.75,0,0,0,0,0,0,0,0,0,0,0,0,0,0,0,20188.06,0,0,0,0,0,0,0,0,0,0,0,0,0,0,0,0,0
2012,Sweden,0,0,0,167032.25,0,0,981061.62,0,0,0,0,0,0,0,0,0,0,0,0,0,0,0,0,0,0,0,0,0,0,0,0,0,0,0,0,0,0,0,0,0
2013,Sweden,0,0,0,100721.55,21252.34,0,677100.8099999999,0,0,0,0,0,0,0,0,0,0,0,0,0,0,0,7709.35,0,0,0,0,0,0,0,0,0,0,0,0,0,0,0,0,0
2014,Sweden,0,0,0,151202.33000000002,61845.44,0,981331.44,0,0,5805.82,0,0,0,0,0,0,0,0,0,0,0,0,565085.13,0,0,0,0,0,0,0,0,0,0,0,0,0,0,0,0,0
2015,Sweden,0,6442,0,106479,948241,0,937208,0,0,2886602,0,0,0,0,0,0,0,0,0,0,0,0,0,0,0,0,0,0,0,0,0,0,0,0,0,0,0,0,0,0
2016,Sweden,0,35292,0,145064,3074915,0,1618026,0,0,725058,0,0,0,0,0,0,0,0,0,0,0,0,0,0,0,0,0,0,0,0,0,0,0,0,0,0,0,0,0,0
2017,Sweden,0,33417,0,158121,1218144,0,2924842,0,0,4682561,0,0,0,0,0,0,0,0,0,0,0,0,0,0,0,0,0,0,0,0,0,0,0,0,0,0,0,0,0,0
2018,Sweden,1216,907049,696587,582328.19,0,0,957197,964568,0,0,0,0,0,0,0,0,0,0,0,0,0,0,0,0,0,0,0,0,0,0,0,0,0,0,0,0,0,0,0,0
2019,Sweden,0,5905543,612835,0,0,0,0,905109,0,0,0,0,0,0,0,0,0,0,0,0,0,0,0,0,0,0,0,0,0,0,0,0,0,0,0,0,0,0,0,0
2020,Sweden,1936752.93,0,0,438762,0,0,0,0,2169081,0,0,0,0,0,0,0,0,0,0,0,0,0,0,0,0,0,0,0,0,0,0,0,0,0,0,0,0,0,0,0
2021,Sweden,3607648.82,0,1181679.61,82691.16,0,0,0,3228982,977643,0,0,0,0,0,0,0,0,0,0,0,0,0,0,0,0,0,0,0,0,0,0,0,0,0,0,0,0,0,0,0
2022,Sweden,2199139.54,0,1495056.86,0,0,0,0,2171021,796540,0,0,0,0,0,0,0,0,0,0,0,0,0,0,0,0,0,0,0,0,0,0,0,0,0,0,0,0,0,0,0
2023,Sweden,3971109.13,0,2404702.93,0,0,0,0,1323397,2098917,0,0,0,0,0,0,0,0,0,0,0,0,0,0,0,0,0,0,0,0,0,0,0,0,0,0,0,0,0,0,0
2024,Sweden,5158122.5,0,2154718.74,0,0,0,0,1241996,1425986,0,0,0,0,0,0,0,0,0,0,0,0,0,0,0,0,0,0,0,0,0,0,0,0,0,0,0,0,0,0,0
2008,Switzerland,0,0,0,74888.54000000001,0,0,35112,0,0,0,0,0,0,0,0,0,0,0,0,0,0,0,0,0,0,0,0,0,0,0,0,0,0,0,0,0,0,0,0,0
2011,Switzerland,0,0,0,229415.57,0,0,102327.17000000001,0,0,0,0,0,0,0,0,0,0,0,0,0,0,0,0,0,0,0,0,0,0,0,0,0,0,0,0,0,0,0,0,0
2012,Switzerland,0,0,0,254043.63,0,0,34899.240000000005,0,0,0,0,0,0,0,0,0,0,0,0,0,0,0,0,0,0,0,0,0,0,0,0,0,0,0,0,0,0,0,0,0
2013,Switzerland,0,0,0,227379.55,0,0,37653.33,0,0,0,0,0,0,0,0,0,0,0,0,0,0,0,0,0,0,0,0,0,0,0,0,0,0,0,0,0,0,0,0,0
2014,Switzerland,0,8414.48,0,250525.37,0,0,142084.73,0,0,0,0,0,0,0,0,0,0,0,0,0,0,0,0,0,0,0,0,0,0,0,0,0,0,0,0,0,0,0,0,0
2015,Switzerland,0,55465,0,182771,0,0,302859,0,0,0,0,0,0,0,0,0,0,0,0,0,0,0,0,0,0,0,0,0,0,0,0,0,0,0,0,0,0,0,0,0
2016,Switzerland,0,119429,0,250911,0,0,1542454,0,0,0,0,0,0,0,0,0,0,0,0,0,0,0,0,0,0,0,0,0,0,0,0,0,0,0,0,0,0,0,0,0
2017,Switzerland,0,55131,0,274841,0,0,1476961,0,0,0,0,0,0,0,0,0,0,0,0,0,0,0,0,0,0,0,0,0,0,0,0,0,0,0,0,0,0,0,0,0
2018,Switzerland,0,0,373798,10409,0,0,2035880.5,0,0,0,0,0,0,0,0,0,0,0,0,0,0,0,0,0,0,0,0,0,0,0,0,0,0,0,0,0,0,0,0,0
2019,Switzerland,0,1173317,365273.5,0,0,0,0,0,0,0,0,0,0,0,0,0,0,0,0,0,0,0,0,0,0,0,0,0,0,0,0,0,0,0,0,0,0,0,0,0
2020,Switzerland,48756.97,0,0,0,0,0,0,0,374175,0,0,0,0,0,0,0,0,0,0,0,0,0,0,0,0,0,0,0,0,0,0,0,0,0,0,0,0,0,0,0
2021,Switzerland,487515,0,728287.4199999999,0,0,0,0,0,521815,0,0,0,0,0,0,0,0,0,0,0,0,0,0,0,0,0,0,0,0,0,0,0,0,0,0,0,0,0,0,0
2022,Switzerland,406281,0,814848.02,0,0,0,0,0,791393,0,0,0,0,0,0,0,0,0,0,0,0,0,0,0,0,0,0,0,0,0,0,0,0,0,0,0,0,0,0,0
2023,Switzerland,336559,0,1082499.77,0,0,0,0,0,944224,0,0,0,0,0,0,0,0,0,0,0,0,0,0,0,0,0,0,0,0,0,0,0,0,0,0,0,0,0,0,0
2024,Switzerland,513266,0,1310665.72,0,0,0,0,0,992505,0,0,0,0,0,0,0,0,0,0,0,0,0,0,0,0,0,0,0,0,0,0,0,0,0,0,0,0,0,0,0
2008,Turkey,0,0,0,0,0,0,0,0,0,0,0,0,0,0,83525.5,0,0,0,0,0,0,0,0,0,0,0,0,0,0,0,0,0,0,0,0,0,0,0,0,0
2011,Turkey,0,0,0,0,0,0,0,0,0,0,0,0,0,0,0,0,0,0,0,0,0,0,0,5710.24,0,0,0,0,0,0,0,0,0,0,0,0,0,0,0,0
2013,Turkey,0,0,0,0,0,0,0,0,0,0,0,0,0,0,0,0,0,0,12198,0,0,0,0,0,0,0,0,0,0,0,0,0,0,0,0,0,0,0,0,0
2014,Turkey,0,0,0,1597,0,0,0,0,0,0,0,0,0,0,0,0,0,0,11331.3,0,0,0,0,0,0,0,0,0,0,0,0,0,0,0,0,0,0,0,0,0
2015,Turkey,0,0,0,0,0,0,0,0,0,0,0,6767,0,0,0,0,0,0,20129,0,0,0,0,0,0,0,0,0,0,0,0,0,0,0,0,0,0,0,0,0
2016,Turkey,0,0,0,0,0,0,0,0,0,0,0,12722,0,0,20259,0,0,0,41732,0,0,0,0,0,0,0,0,0,0,0,0,0,0,0,0,0,0,0,0,0
2018,Turkey,0,0,13401.75,0,0,0,0,0,0,0,0,0,0,0,0,0,0,0,0,0,0,0,0,0,0,0,0,0,0,0,0,0,0,0,0,0,0,0,0,0
2019,Turkey,0,0,30757.15,0,0,0,0,0,0,0,0,0,0,0,0,0,0,0,0,0,0,0,0,0,0,0,0,0,0,0,0,0,0,0,0,0,0,0,0,0
2008,Ukraine,0,0,0,48223.21,0,0,0,0,0,0,0,0,0,0,0,0,0,0,0,0,0,0,0,0,0,0,0,0,0,0,0,0,0,0,0,0,0,0,0,0
2009,Ukraine,0,0,0,41563.92,0,0,0,0,0,0,0,0,0,0,0,0,0,0,0,0,0,0,0,0,0,0,0,0,0,0,0,0,0,0,0,0,0,0,0,0
2010,Ukraine,0,0,0,90560.31,0,0,0,0,0,0,0,0,0,0,0,0,0,0,0,0,0,0,0,0,0,0,0,0,0,0,0,0,0,0,0,0,0,0,0,0
2011,Ukraine,0,0,0,42196.479999999996,0,0,0,0,0,0,0,0,0,0,0,0,0,0,0,0,0,0,0,0,0,0,0,0,0,0,0,0,0,0,0,0,0,0,0,0
2012,Ukraine,0,0,0,99833.83,0,0,0,0,0,0,0,0,0,0,0,0,0,0,0,0,0,0,0,0,0,0,0,0,0,0,0,0,0,0,0,0,0,0,0,0
2013,Ukraine,0,0,0,29583.18,0,0,0,0,0,0,0,0,0,0,0,0,0,0,0,0,0,0,0,0,0,0,0,0,0,0,0,0,0,0,0,0,0,0,0,0
2014,Ukraine,0,0,0,16399.89,0,0,0,0,0,0,0,0,0,0,0,0,0,0,0,0,0,0,0,0,0,0,0,0,0,0,0,0,0,0,0,0,0,0,0,0
2015,Ukraine,0,0,0,32309,0,0,0,0,0,0,0,0,0,0,0,0,0,0,0,0,0,0,0,0,0,0,0,0,0,0,0,0,0,0,0,0,0,0,0,0
2016,Ukraine,0,0,0,103862,0,0,0,0,0,0,0,0,0,0,0,0,0,0,0,0,0,0,0,0,0,0,0,0,0,0,0,0,0,0,0,0,0,0,0,0
2017,Ukraine,0,0,0,192506,0,0,0,0,0,0,0,0,0,0,0,0,0,0,0,0,0,0,0,0,0,0,0,0,0,0,0,0,0,0,0,0,0,0,0,0
2018,Ukraine,0,0,0,167476.02,0,0,0,0,0,0,0,0,0,0,0,0,0,0,0,0,0,0,0,0,0,0,0,0,0,0,0,0,0,0,0,0,0,0,0,0
2019,Ukraine,0,0,0,161983.02,0,0,0,0,0,0,0,0,0,0,0,0,0,0,0,0,0,0,0,0,0,0,0,0,0,0,0,0,0,0,0,0,0,0,0,0
2021,Ukraine,0,0,0,146768.69,0,0,0,0,0,0,0,0,0,0,0,0,0,0,0,0,0,0,0,0,0,0,0,0,0,0,0,0,0,0,0,0,0,0,0,0
2022,Ukraine,0,0,0,38028.87,0,0,0,0,0,0,0,0,0,0,0,0,0,0,0,0,0,0,0,0,0,0,0,0,0,0,0,0,0,0,0,0,0,0,0,0
2023,Ukraine,0,0,0,92160.17000000001,0,0,0,0,0,0,0,0,0,0,0,0,0,0,0,0,0,0,0,0,0,12000000,0,0,0,0,0,0,0,0,0,0,0,0,0,0
2008,United Kingdom,0,0,0,98625.27,39976.32,0,111481,0,0,0,0,0,0,0,0,0,0,0,0,0,97533.75,0,0,0,0,0,0,0,0,0,0,0,0,0,0,0,0,0,0,0
2009,United Kingdom,0,0,0,67614.9,69346.7,0,0,0,0,0,0,0,0,0,0,0,0,0,0,0,59118.03,0,0,0,0,0,0,0,0,0,0,0,0,0,0,0,0,0,0,0
2010,United Kingdom,0,0,0,28164.66,99975.9,0,1037612.86,0,0,0,0,0,4960.9,0,0,0,0,0,0,0,0,0,0,0,0,0,0,0,0,0,0,0,0,0,0,0,0,0,0,0
2011,United Kingdom,0,0,0,15654.669999999998,54629.159999999996,0,469664.49000000005,0,0,0,0,0,20587.7,0,0,0,0,0,0,0,4748.9,0,0,0,0,0,0,0,0,0,0,0,0,0,0,0,0,0,0,0
2012,United Kingdom,0,0,0,50123.28,61973.46000000001,0,18478.52,0,0,0,0,0,11100.19,0,0,0,0,0,0,0,0,0,0,0,0,0,0,0,0,0,0,0,0,0,0,0,0,0,0,0
2013,United Kingdom,0,0,0,38272.59,128990.92,0,125970,0,0,0,0,0,222653.91,0,0,0,0,0,0,0,0,0,0,0,0,0,0,0,0,0,0,0,0,0,0,0,0,0,0,0
2014,United Kingdom,0,0,0,33619.46,4920.93,0,0,0,0,21988.86,0,0,241613.4,0,0,0,0,0,0,0,0,0,0,0,0,0,0,0,0,0,0,0,0,0,0,0,0,0,0,0
2015,United Kingdom,0,213480,0,44542,8817,0,18003,0,0,104148,0,0,0,0,0,0,0,0,0,0,0,0,0,0,0,0,0,0,0,0,0,0,0,0,0,0,0,0,0,0
